{
  "val": {
    "loss": 1.43524968624115,
    "CER": 31.129383087158203,
    "IER": 10.9398193359375,
    "DER": 1.9869818687438965,
    "SER": 18.20258140563965
  },
  "test": {
    "loss": 1.3379285335540771,
    "CER": 33.29825210571289,
    "IER": 12.428962707519531,
    "DER": 1.0839823484420776,
    "SER": 19.785308837890625
  }
}