{
  "val": {
    "loss": 1.9652208089828491,
    "CER": 51.72413635253906,
    "IER": 18.295629501342773,
    "DER": 1.2189764976501465,
    "SER": 32.20953369140625
  },
  "test": {
    "loss": 1.775668740272522,
    "CER": 46.86091232299805,
    "IER": 17.866960525512695,
    "DER": 0.7696536779403687,
    "SER": 28.22429847717285
  }
}