{
  "val": {
    "loss": 1.890341877937317,
    "CER": 46.74167251586914,
    "IER": 10.794252395629883,
    "DER": 4.890275001525879,
    "SER": 31.057146072387695
  },
  "test": {
    "loss": 1.8245694637298584,
    "CER": 44.66030502319336,
    "IER": 11.065667152404785,
    "DER": 3.078845739364624,
    "SER": 30.515790939331055
  }
}