{
  "val": {
    "loss": 1.9630722999572754,
    "CER": 52.83158493041992,
    "IER": 20.016937255859375,
    "DER": 1.1114639043807983,
    "SER": 31.70318603515625
  },
  "test": {
    "loss": 2.013638496398926,
    "CER": 54.77516174316406,
    "IER": 25.66381072998047,
    "DER": 0.4710920751094818,
    "SER": 28.640256881713867
  }
}