{
  "val": {
    "loss": 2.133098840713501,
    "CER": 54.05722427368164,
    "IER": 25.55112648010254,
    "DER": 0.48076921701431274,
    "SER": 28.025327682495117
  },
  "test": {
    "loss": 1.8255505561828613,
    "CER": 48.154205322265625,
    "IER": 14.0420560836792,
    "DER": 0.7593457698822021,
    "SER": 33.35280227661133
  }
}