{
  "val": {
    "loss": 2.106797456741333,
    "CER": 50.21381378173828,
    "IER": 14.817190170288086,
    "DER": 1.913619875907898,
    "SER": 33.483001708984375
  },
  "test": {
    "loss": 2.230051040649414,
    "CER": 55.863563537597656,
    "IER": 18.299945831298828,
    "DER": 1.0286952257156372,
    "SER": 36.53491973876953
  }
}