{
  "val": {
    "loss": 1.9522302150726318,
    "CER": 48.03669357299805,
    "IER": 8.479695320129395,
    "DER": 2.382816791534424,
    "SER": 37.17417907714844
  },
  "test": {
    "loss": 1.7892279624938965,
    "CER": 41.18721389770508,
    "IER": 7.191781044006348,
    "DER": 1.3242008686065674,
    "SER": 32.671234130859375
  }
}