{
  "val": {
    "loss": 1.7467790842056274,
    "CER": 43.35881423950195,
    "IER": 17.314722061157227,
    "DER": 0.8751523494720459,
    "SER": 25.16893768310547
  },
  "test": {
    "loss": 1.870225191116333,
    "CER": 47.07554244995117,
    "IER": 19.623920440673828,
    "DER": 0.4045042097568512,
    "SER": 27.047119140625
  }
}