{
  "val": {
    "loss": 0.4364214241504669,
    "CER": 8.043405532836914,
    "IER": 1.454301357269287,
    "DER": 0.6712160110473633,
    "SER": 5.9178876876831055
  },
  "test": {
    "loss": 0.3062160015106201,
    "CER": 6.780821800231934,
    "IER": 0.6392694115638733,
    "DER": 0.5593607425689697,
    "SER": 5.5821919441223145
  }
}