{
  "val": {
    "loss": 0.5203967094421387,
    "CER": 10.992752075195312,
    "IER": 2.5367889404296875,
    "DER": 1.3617395162582397,
    "SER": 7.094223499298096
  },
  "test": {
    "loss": 0.46554476022720337,
    "CER": 10.819131851196289,
    "IER": 2.1220450401306152,
    "DER": 1.3633865118026733,
    "SER": 7.333699703216553
  }
}