{
  "val": {
    "loss": 0.5606321692466736,
    "CER": 9.525337219238281,
    "IER": 2.084669589996338,
    "DER": 1.2721830606460571,
    "SER": 6.168484210968018
  },
  "test": {
    "loss": 0.538138210773468,
    "CER": 12.084461212158203,
    "IER": 2.7395777702331543,
    "DER": 1.4185165166854858,
    "SER": 7.926367282867432
  }
}