{
  "val": {
    "loss": 0.6313586831092834,
    "CER": 9.409615516662598,
    "IER": 2.9576339721679688,
    "DER": 2.3067259788513184,
    "SER": 4.145255088806152
  },
  "test": {
    "loss": 0.5068046450614929,
    "CER": 9.597979545593262,
    "IER": 2.6415491104125977,
    "DER": 2.262681484222412,
    "SER": 4.693748474121094
  }
}