{
  "val": {
    "loss": 0.4050936996936798,
    "CER": 9.023058891296387,
    "IER": 2.9297091960906982,
    "DER": 2.0496826171875,
    "SER": 4.043667316436768
  },
  "test": {
    "loss": 0.3820975720882416,
    "CER": 9.5319242477417,
    "IER": 3.3969552516937256,
    "DER": 1.7041581869125366,
    "SER": 4.430811405181885
  }
}