{
  "val": {
    "loss": 1.1033744812011719,
    "CER": 20.609718322753906,
    "IER": 4.911612033843994,
    "DER": 2.762781858444214,
    "SER": 12.935323715209961
  },
  "test": {
    "loss": 1.1808112859725952,
    "CER": 23.554603576660156,
    "IER": 5.374732494354248,
    "DER": 2.3340470790863037,
    "SER": 15.845824241638184
  }
}