{
  "val": {
    "loss": 0.9734817147254944,
    "CER": 17.558435440063477,
    "IER": 3.7443225383758545,
    "DER": 1.8610833883285522,
    "SER": 11.95302963256836
  },
  "test": {
    "loss": 0.7788279056549072,
    "CER": 16.595605850219727,
    "IER": 3.0064501762390137,
    "DER": 1.8694653511047363,
    "SER": 11.71968936920166
  }
}