{
  "val": {
    "loss": 0.9124495983123779,
    "CER": 19.3363037109375,
    "IER": 2.6500937938690186,
    "DER": 1.7354596853256226,
    "SER": 14.950750350952148
  },
  "test": {
    "loss": 0.7248187065124512,
    "CER": 16.74065399169922,
    "IER": 1.8691588640213013,
    "DER": 1.2616822719573975,
    "SER": 13.60981273651123
  }
}