{
  "val": {
    "loss": 1.4314656257629395,
    "CER": 39.671119689941406,
    "IER": 11.442275047302246,
    "DER": 2.3295648097991943,
    "SER": 25.899280548095703
  },
  "test": {
    "loss": 1.3204221725463867,
    "CER": 39.70743179321289,
    "IER": 11.492317199707031,
    "DER": 1.662807822227478,
    "SER": 26.552305221557617
  }
}