{
  "val": {
    "loss": 2.0040781497955322,
    "CER": 56.17689514160156,
    "IER": 12.610003471374512,
    "DER": 5.5029520988464355,
    "SER": 38.063941955566406
  },
  "test": {
    "loss": 1.9352259635925293,
    "CER": 55.703250885009766,
    "IER": 11.883663177490234,
    "DER": 3.9536468982696533,
    "SER": 39.86594009399414
  }
}