{
  "val": {
    "loss": 2.024925947189331,
    "CER": 54.96013259887695,
    "IER": 19.711538314819336,
    "DER": 0.5863039493560791,
    "SER": 34.662288665771484
  },
  "test": {
    "loss": 1.8352851867675781,
    "CER": 51.483646392822266,
    "IER": 9.602804183959961,
    "DER": 0.8294392228126526,
    "SER": 41.0514030456543
  }
}