{
  "val": {
    "loss": 2.0096752643585205,
    "CER": 57.13983154296875,
    "IER": 22.239864349365234,
    "DER": 1.0373663902282715,
    "SER": 33.86260223388672
  },
  "test": {
    "loss": 2.071117877960205,
    "CER": 59.400428771972656,
    "IER": 27.098501205444336,
    "DER": 0.36402568221092224,
    "SER": 31.937902450561523
  }
}