{
  "val": {
    "loss": 1.6523098945617676,
    "CER": 47.31361389160156,
    "IER": 18.23418617248535,
    "DER": 0.5871275067329407,
    "SER": 28.492300033569336
  },
  "test": {
    "loss": 1.7639265060424805,
    "CER": 49.918006896972656,
    "IER": 18.836776733398438,
    "DER": 0.4482343792915344,
    "SER": 30.632993698120117
  }
}