{
  "val": {
    "loss": 1.8152766227722168,
    "CER": 50.82223892211914,
    "IER": 5.425662994384766,
    "DER": 2.0360219478607178,
    "SER": 43.36055374145508
  },
  "test": {
    "loss": 1.6653480529785156,
    "CER": 48.67580032348633,
    "IER": 3.6986300945281982,
    "DER": 2.146118640899658,
    "SER": 42.831050872802734
  }
}