{
  "val": {
    "loss": 2.0229926109313965,
    "CER": 54.308319091796875,
    "IER": 11.920034408569336,
    "DER": 1.6570451259613037,
    "SER": 40.731239318847656
  },
  "test": {
    "loss": 2.171393394470215,
    "CER": 59.23118591308594,
    "IER": 15.874390602111816,
    "DER": 1.0611802339553833,
    "SER": 42.295616149902344
  }
}