{
  "val": {
    "loss": 2.0103952884674072,
    "CER": 56.962440490722656,
    "IER": 19.82209587097168,
    "DER": 0.8126509785652161,
    "SER": 36.32769775390625
  },
  "test": {
    "loss": 1.8142054080963135,
    "CER": 52.47938537597656,
    "IER": 17.04233169555664,
    "DER": 0.6047278642654419,
    "SER": 34.83232498168945
  }
}