{
  "val": {
    "loss": 2.038106918334961,
    "CER": 98.55595397949219,
    "IER": 98.55595397949219,
    "DER": 0.0,
    "SER": 0.0
  },
  "test": {
    "loss": 1.9950332641601562,
    "CER": 99.13340759277344,
    "IER": 99.13340759277344,
    "DER": 0.0,
    "SER": 0.0
  }
}