{
  "val": {
    "loss": 2.9039788246154785,
    "CER": 98.54948425292969,
    "IER": 98.54948425292969,
    "DER": 0.0,
    "SER": 0.0
  },
  "test": {
    "loss": 2.888737440109253,
    "CER": 99.62397766113281,
    "IER": 99.62397766113281,
    "DER": 0.0,
    "SER": 0.0
  }
}