{
  "val": {
    "loss": 1.208681583404541,
    "CER": 43.80017852783203,
    "IER": 36.663692474365234,
    "DER": 0.35682427883148193,
    "SER": 6.779661178588867
  },
  "test": {
    "loss": 0.9042441248893738,
    "CER": 37.4516487121582,
    "IER": 32.354949951171875,
    "DER": 0.5233219861984253,
    "SER": 4.573379039764404
  }
}