{
  "val": {
    "loss": 2.793825149536133,
    "CER": 98.88507843017578,
    "IER": 98.6277847290039,
    "DER": 0.0,
    "SER": 0.2572898864746094
  },
  "test": {
    "loss": 2.8056817054748535,
    "CER": 99.2587890625,
    "IER": 99.2587890625,
    "DER": 0.0,
    "SER": 0.0
  }
}