{
  "val": {
    "loss": 1.4673088788986206,
    "CER": 62.78409194946289,
    "IER": 59.56439208984375,
    "DER": 0.18939393758773804,
    "SER": 3.0303030014038086
  },
  "test": {
    "loss": 1.3940359354019165,
    "CER": 66.09195709228516,
    "IER": 64.490966796875,
    "DER": 0.0,
    "SER": 1.6009851694107056
  }
}