{
  "val": {
    "loss": 1.725472092628479,
    "CER": 71.64048767089844,
    "IER": 68.411865234375,
    "DER": 0.0,
    "SER": 3.228621244430542
  },
  "test": {
    "loss": 1.552269458770752,
    "CER": 74.16891479492188,
    "IER": 72.77628326416016,
    "DER": 0.0,
    "SER": 1.3926324844360352
  }
}