{
  "val": {
    "loss": 1.647585153579712,
    "CER": 59.377777099609375,
    "IER": 53.77777862548828,
    "DER": 0.17777778208255768,
    "SER": 5.422222137451172
  },
  "test": {
    "loss": 1.6314082145690918,
    "CER": 67.63774871826172,
    "IER": 62.4868049621582,
    "DER": 0.0,
    "SER": 5.150939464569092
  }
}