{
  "val": {
    "loss": 1.4605299234390259,
    "CER": 41.10997009277344,
    "IER": 13.703323364257812,
    "DER": 1.792851448059082,
    "SER": 25.613794326782227
  },
  "test": {
    "loss": 1.3418433666229248,
    "CER": 40.34939956665039,
    "IER": 12.386865615844727,
    "DER": 1.5049463510513306,
    "SER": 26.45758819580078
  }
}