{
  "val": {
    "loss": 1.7861871719360352,
    "CER": 50.67681121826172,
    "IER": 5.045307159423828,
    "DER": 1.8122832775115967,
    "SER": 43.819217681884766
  },
  "test": {
    "loss": 1.664503812789917,
    "CER": 49.098175048828125,
    "IER": 4.2237443923950195,
    "DER": 1.3013699054718018,
    "SER": 43.57305908203125
  }
}