{
  "val": {
    "loss": 2.052178382873535,
    "CER": 54.56144332885742,
    "IER": 19.64118194580078,
    "DER": 0.5980300307273865,
    "SER": 34.32223129272461
  },
  "test": {
    "loss": 1.8281919956207275,
    "CER": 50.31542205810547,
    "IER": 9.672897338867188,
    "DER": 0.6892523169517517,
    "SER": 39.953269958496094
  }
}