{
  "val": {
    "loss": 2.061713695526123,
    "CER": 54.94975280761719,
    "IER": 13.181526184082031,
    "DER": 1.6249732971191406,
    "SER": 40.143253326416016
  },
  "test": {
    "loss": 2.250354766845703,
    "CER": 60.08662796020508,
    "IER": 16.25338363647461,
    "DER": 1.1586356163024902,
    "SER": 42.67460632324219
  }
}