{
  "val": {
    "loss": 1.8931694030761719,
    "CER": 53.25832748413086,
    "IER": 13.657123565673828,
    "DER": 4.344435691833496,
    "SER": 35.25676727294922
  },
  "test": {
    "loss": 1.8555079698562622,
    "CER": 52.53351593017578,
    "IER": 13.201544761657715,
    "DER": 3.1924562454223633,
    "SER": 36.1395149230957
  }
}