{
  "val": {
    "loss": 1.926328420639038,
    "CER": 55.02275848388672,
    "IER": 21.276596069335938,
    "DER": 0.9420980215072632,
    "SER": 32.8040657043457
  },
  "test": {
    "loss": 1.9882993698120117,
    "CER": 57.10920715332031,
    "IER": 24.229122161865234,
    "DER": 0.40685224533081055,
    "SER": 32.47323226928711
  }
}