{
  "val": {
    "loss": 1.7939931154251099,
    "CER": 48.52110290527344,
    "IER": 18.932092666625977,
    "DER": 0.49850448966026306,
    "SER": 29.090505599975586
  },
  "test": {
    "loss": 1.914276361465454,
    "CER": 51.57975387573242,
    "IER": 20.072154998779297,
    "DER": 0.426369309425354,
    "SER": 31.081228256225586
  }
}