{
  "val": {
    "loss": 1.9029264450073242,
    "CER": 54.44761657714844,
    "IER": 18.38348388671875,
    "DER": 0.9883593320846558,
    "SER": 35.075775146484375
  },
  "test": {
    "loss": 1.6956309080123901,
    "CER": 50.467288970947266,
    "IER": 15.612974166870117,
    "DER": 0.890599250793457,
    "SER": 33.963714599609375
  }
}