lr-Adam,step,train/loss,epoch
1e-08,0,,
,49,252.58273315429688,0
,99,105.23135375976562,0
,149,169.57302856445312,0
,199,160.97622680664062,0
,249,170.20822143554688,0
,299,155.32086181640625,0
,349,143.68505859375,0
