{
  "val": {
    "loss": 1.7949223518371582,
    "CER": 44.46659851074219,
    "IER": 17.602746963500977,
    "DER": 0.7976071834564209,
    "SER": 26.066246032714844
  },
  "test": {
    "loss": 1.9167996644973755,
    "CER": 47.30512619018555,
    "IER": 19.700448989868164,
    "DER": 0.5028971433639526,
    "SER": 27.101781845092773
  }
}