{
  "val": {
    "loss": 1.9484375715255737,
    "CER": 48.646541595458984,
    "IER": 14.091567039489746,
    "DER": 4.199621200561523,
    "SER": 30.3553524017334
  },
  "test": {
    "loss": 1.9030400514602661,
    "CER": 48.10270309448242,
    "IER": 14.9057035446167,
    "DER": 2.3858213424682617,
    "SER": 30.811180114746094
  }
}