{
  "val": {
    "loss": 1.8441540002822876,
    "CER": 45.027408599853516,
    "IER": 9.587202072143555,
    "DER": 2.0360219478607178,
    "SER": 33.40418243408203
  },
  "test": {
    "loss": 1.7346221208572388,
    "CER": 41.48401641845703,
    "IER": 9.257990837097168,
    "DER": 1.073059320449829,
    "SER": 31.15296745300293
  }
}