{
  "val": {
    "loss": 2.0164525508880615,
    "CER": 54.027732849121094,
    "IER": 22.028156280517578,
    "DER": 1.1114639043807983,
    "SER": 30.888113021850586
  },
  "test": {
    "loss": 2.052327871322632,
    "CER": 55.642398834228516,
    "IER": 27.280513763427734,
    "DER": 0.417558878660202,
    "SER": 27.944326400756836
  }
}