{
  "val": {
    "loss": 1.4618346691131592,
    "CER": 32.19139099121094,
    "IER": 11.579307556152344,
    "DER": 1.952723503112793,
    "SER": 18.659358978271484
  },
  "test": {
    "loss": 1.3639335632324219,
    "CER": 32.46685028076172,
    "IER": 11.923805236816406,
    "DER": 1.062934160232544,
    "SER": 19.48011016845703
  }
}