{
   "test": {
      "paper_greedy": 15.38,
      "ours_greedy": 17.313063740730286
   },
   "val": {
      "paper_greedy": 15.65,
      "ours_greedy": 18.785862803459167
   }
}