{
  "val": {
    "loss": 0.8745805025100708,
    "CER": 22.197309494018555,
    "IER": 8.116591453552246,
    "DER": 3.497757911682129,
    "SER": 10.582959175109863
  },
  "test": {
    "loss": 0.45644018054008484,
    "CER": 13.742889404296875,
    "IER": 4.3003411293029785,
    "DER": 0.6825938820838928,
    "SER": 8.759954452514648
  }
}