{
  "val": {
    "loss": 0.8034740090370178,
    "CER": 20.887849807739258,
    "IER": 10.04672908782959,
    "DER": 3.177570104598999,
    "SER": 7.663551330566406
  },
  "test": {
    "loss": 0.6182535886764526,
    "CER": 19.49917984008789,
    "IER": 9.975369453430176,
    "DER": 1.8267651796340942,
    "SER": 7.697044372558594
  }
}