{
  "val": {
    "loss": 0.7533612847328186,
    "CER": 22.458202362060547,
    "IER": 13.962945938110352,
    "DER": 1.7623136043548584,
    "SER": 6.732941627502441
  },
  "test": {
    "loss": 0.6429634094238281,
    "CER": 21.573545455932617,
    "IER": 14.595211029052734,
    "DER": 0.8893956542015076,
    "SER": 6.088939666748047
  }
}