{
  "val": {
    "loss": 0.8395062685012817,
    "CER": 21.80052947998047,
    "IER": 9.311562538146973,
    "DER": 2.5154457092285156,
    "SER": 9.97352123260498
  },
  "test": {
    "loss": 0.6739144325256348,
    "CER": 22.07996368408203,
    "IER": 8.063791275024414,
    "DER": 2.0215632915496826,
    "SER": 11.994608879089355
  }
}