{
  "val": {
    "loss": 1.7404112815856934,
    "CER": 74.32624053955078,
    "IER": 71.9148941040039,
    "DER": 0.0,
    "SER": 2.4113476276397705
  },
  "test": {
    "loss": 1.5125136375427246,
    "CER": 68.74002838134766,
    "IER": 66.30211639404297,
    "DER": 0.0,
    "SER": 2.437912940979004
  }
}