{
  "val": {
    "loss": 1.7027318477630615,
    "CER": 73.20405578613281,
    "IER": 71.00044250488281,
    "DER": 0.0,
    "SER": 2.2036139965057373
  },
  "test": {
    "loss": 1.6087422370910645,
    "CER": 72.13005828857422,
    "IER": 70.24994659423828,
    "DER": 0.0,
    "SER": 1.880115032196045
  }
}