{
  "val": {
    "loss": 1.3463929891586304,
    "CER": 41.62348937988281,
    "IER": 23.791019439697266,
    "DER": 1.2089810371398926,
    "SER": 16.623489379882812
  },
  "test": {
    "loss": 1.2404743432998657,
    "CER": 43.1596794128418,
    "IER": 26.344768524169922,
    "DER": 0.7200338840484619,
    "SER": 16.09487533569336
  }
}