{
  "val": {
    "loss": 0.7555704116821289,
    "CER": 19.794343948364258,
    "IER": 10.197086334228516,
    "DER": 2.0565552711486816,
    "SER": 7.540702819824219
  },
  "test": {
    "loss": 0.8178725242614746,
    "CER": 27.31686782836914,
    "IER": 17.542749404907227,
    "DER": 0.6755330562591553,
    "SER": 9.09858512878418
  }
}