{
  "val": {
    "loss": 1.763564944267273,
    "CER": 42.74527359008789,
    "IER": 8.311891555786133,
    "DER": 2.2261998653411865,
    "SER": 32.207183837890625
  },
  "test": {
    "loss": 1.5533361434936523,
    "CER": 35.87899398803711,
    "IER": 8.082191467285156,
    "DER": 1.2442922592163086,
    "SER": 26.55251121520996
  }
}