{
  "val": {
    "loss": 1.9498366117477417,
    "CER": 52.641048431396484,
    "IER": 21.49888801574707,
    "DER": 1.3337568044662476,
    "SER": 29.80840492248535
  },
  "test": {
    "loss": 2.0450501441955566,
    "CER": 54.02569580078125,
    "IER": 26.038543701171875,
    "DER": 0.3747323453426361,
    "SER": 27.61241912841797
  }
}