{
  "val": {
    "loss": 1.907811164855957,
    "CER": 46.42976379394531,
    "IER": 12.543166160583496,
    "DER": 4.366714954376221,
    "SER": 29.51988410949707
  },
  "test": {
    "loss": 1.8278334140777588,
    "CER": 45.19427490234375,
    "IER": 13.053851127624512,
    "DER": 2.681208848953247,
    "SER": 29.459213256835938
  }
}