{
  "val": {
    "loss": 2.013382911682129,
    "CER": 53.56907653808594,
    "IER": 20.184494018554688,
    "DER": 1.0322864055633545,
    "SER": 32.352294921875
  },
  "test": {
    "loss": 1.7894926071166992,
    "CER": 46.234195709228516,
    "IER": 17.987905502319336,
    "DER": 0.802638828754425,
    "SER": 27.44365119934082
  }
}