{
  "val": {
    "loss": 2.0836286544799805,
    "CER": 49.96792984008789,
    "IER": 14.571306228637695,
    "DER": 2.073979139328003,
    "SER": 33.3226432800293
  },
  "test": {
    "loss": 2.179074764251709,
    "CER": 55.073089599609375,
    "IER": 18.77639389038086,
    "DER": 1.093665361404419,
    "SER": 35.203033447265625
  }
}