{
  "val": {
    "loss": 1.4368577003479004,
    "CER": 31.88306427001953,
    "IER": 11.91047191619873,
    "DER": 1.7243348360061646,
    "SER": 18.248258590698242
  },
  "test": {
    "loss": 1.3529112339019775,
    "CER": 34.24542236328125,
    "IER": 13.681330680847168,
    "DER": 0.8524520993232727,
    "SER": 19.711639404296875
  }
}