{
  "val": {
    "loss": 2.0906832218170166,
    "CER": 53.869606018066406,
    "IER": 20.708255767822266,
    "DER": 0.6566604375839233,
    "SER": 32.50469207763672
  },
  "test": {
    "loss": 1.8455848693847656,
    "CER": 47.663551330566406,
    "IER": 12.278037071228027,
    "DER": 0.8528037667274475,
    "SER": 34.532711029052734
  }
}