{
  "val": {
    "loss": 1.7444885969161987,
    "CER": 43.86839294433594,
    "IER": 17.026697158813477,
    "DER": 0.8640744686126709,
    "SER": 25.977622985839844
  },
  "test": {
    "loss": 1.8406026363372803,
    "CER": 46.88969039916992,
    "IER": 19.689516067504883,
    "DER": 0.49196457862854004,
    "SER": 26.708209991455078
  }
}