{
  "val": {
    "loss": 1.8864890336990356,
    "CER": 52.85826110839844,
    "IER": 5.861953258514404,
    "DER": 1.9689003229141235,
    "SER": 45.027408599853516
  },
  "test": {
    "loss": 1.7345353364944458,
    "CER": 50.696346282958984,
    "IER": 4.920091152191162,
    "DER": 1.655251145362854,
    "SER": 44.12100601196289
  }
}