{
  "val": {
    "loss": 1.9537042379379272,
    "CER": 55.70022201538086,
    "IER": 22.038742065429688,
    "DER": 0.9103419184684753,
    "SER": 32.751136779785156
  },
  "test": {
    "loss": 2.0665011405944824,
    "CER": 57.805137634277344,
    "IER": 27.205568313598633,
    "DER": 0.36402568221092224,
    "SER": 30.235546112060547
  }
}