{
  "val": {
    "loss": 1.4644235372543335,
    "CER": 40.9272575378418,
    "IER": 12.424345970153809,
    "DER": 1.918465256690979,
    "SER": 26.58444595336914
  },
  "test": {
    "loss": 1.3613340854644775,
    "CER": 41.32814025878906,
    "IER": 14.049674034118652,
    "DER": 1.2734161615371704,
    "SER": 26.005050659179688
  }
}