{
  "val": {
    "loss": 1.9468573331832886,
    "CER": 54.01581954956055,
    "IER": 14.29207992553711,
    "DER": 3.754038095474243,
    "SER": 35.96969985961914
  },
  "test": {
    "loss": 1.887162208557129,
    "CER": 53.2719841003418,
    "IER": 14.871620178222656,
    "DER": 2.442626714706421,
    "SER": 35.95773696899414
  }
}