{
  "val": {
    "loss": 2.0918843746185303,
    "CER": 54.447296142578125,
    "IER": 13.641222953796387,
    "DER": 1.3683985471725464,
    "SER": 39.43767547607422
  },
  "test": {
    "loss": 2.167003870010376,
    "CER": 59.025447845458984,
    "IER": 16.599891662597656,
    "DER": 0.9095830917358398,
    "SER": 41.51597213745117
  }
}