{
  "val": {
    "loss": 2.0097169876098633,
    "CER": 57.31385803222656,
    "IER": 19.745222091674805,
    "DER": 0.746760368347168,
    "SER": 36.821876525878906
  },
  "test": {
    "loss": 1.8655755519866943,
    "CER": 54.00769805908203,
    "IER": 17.35019302368164,
    "DER": 0.802638828754425,
    "SER": 35.85486602783203
  }
}