{
  "val": {
    "loss": 2.148726463317871,
    "CER": 56.894935607910156,
    "IER": 21.81050682067871,
    "DER": 0.644934356212616,
    "SER": 34.43949508666992
  },
  "test": {
    "loss": 1.822838306427002,
    "CER": 50.81775665283203,
    "IER": 9.90654182434082,
    "DER": 0.7710280418395996,
    "SER": 40.14018630981445
  }
}