{
  "val": {
    "loss": 1.804936170578003,
    "CER": 49.50703430175781,
    "IER": 18.85454750061035,
    "DER": 0.5206602215766907,
    "SER": 30.131826400756836
  },
  "test": {
    "loss": 1.9432101249694824,
    "CER": 52.01705551147461,
    "IER": 20.3236026763916,
    "DER": 0.28424620628356934,
    "SER": 31.409204483032227
  }
}