{
  "val": {
    "loss": 2.022242546081543,
    "CER": 54.041053771972656,
    "IER": 12.83942699432373,
    "DER": 1.5287576913833618,
    "SER": 39.67286682128906
  },
  "test": {
    "loss": 2.0914740562438965,
    "CER": 58.02923583984375,
    "IER": 17.791011810302734,
    "DER": 0.8554412722587585,
    "SER": 39.382781982421875
  }
}