{
  "val": {
    "loss": 1.7738099098205566,
    "CER": 49.39625549316406,
    "IER": 18.3006534576416,
    "DER": 0.7422177791595459,
    "SER": 30.353384017944336
  },
  "test": {
    "loss": 1.8653723001480103,
    "CER": 51.42669677734375,
    "IER": 19.96282958984375,
    "DER": 0.3607740104198456,
    "SER": 31.10309410095215
  }
}