{
  "val": {
    "loss": 1.970438838005066,
    "CER": 54.39456558227539,
    "IER": 13.969032287597656,
    "DER": 4.600646018981934,
    "SER": 35.824886322021484
  },
  "test": {
    "loss": 1.8932666778564453,
    "CER": 53.34014892578125,
    "IER": 13.746875762939453,
    "DER": 2.897068738937378,
    "SER": 36.696205139160156
  }
}