{
  "val": {
    "loss": 1.975611925125122,
    "CER": 56.457279205322266,
    "IER": 19.997802734375,
    "DER": 0.757742166519165,
    "SER": 35.70173645019531
  },
  "test": {
    "loss": 1.8068549633026123,
    "CER": 52.05057907104492,
    "IER": 17.27322769165039,
    "DER": 0.7916437387466431,
    "SER": 33.9857063293457
  }
}