{
  "val": {
    "loss": 2.1930413246154785,
    "CER": 57.19981384277344,
    "IER": 24.202627182006836,
    "DER": 0.5980300307273865,
    "SER": 32.39915466308594
  },
  "test": {
    "loss": 1.825753092765808,
    "CER": 50.79439163208008,
    "IER": 10.058411598205566,
    "DER": 0.8060747385025024,
    "SER": 39.92990493774414
  }
}