{
  "val": {
    "loss": 1.9981000423431396,
    "CER": 56.758758544921875,
    "IER": 23.21371841430664,
    "DER": 0.7621467113494873,
    "SER": 32.782894134521484
  },
  "test": {
    "loss": 2.0401134490966797,
    "CER": 58.14775085449219,
    "IER": 25.728052139282227,
    "DER": 0.3211991488933563,
    "SER": 32.0984992980957
  }
}