{
  "val": {
    "loss": 1.3985614776611328,
    "CER": 38.20943069458008,
    "IER": 10.802785873413086,
    "DER": 2.0326595306396484,
    "SER": 25.373987197875977
  },
  "test": {
    "loss": 1.3396422863006592,
    "CER": 40.0442008972168,
    "IER": 11.523889541625977,
    "DER": 1.725952386856079,
    "SER": 26.79435920715332
  }
}