{
  "val": {
    "loss": 1.7886195182800293,
    "CER": 50.78867721557617,
    "IER": 5.694149017333984,
    "DER": 2.1590781211853027,
    "SER": 42.93545150756836
  },
  "test": {
    "loss": 1.6693224906921387,
    "CER": 48.12785339355469,
    "IER": 5.0,
    "DER": 1.5410958528518677,
    "SER": 41.58675765991211
  }
}