{
  "val": {
    "loss": 1.0471097230911255,
    "CER": 38.98305130004883,
    "IER": 30.240856170654297,
    "DER": 0.9812667369842529,
    "SER": 7.760927677154541
  },
  "test": {
    "loss": 0.8651998043060303,
    "CER": 33.12855529785156,
    "IER": 27.372013092041016,
    "DER": 0.27303755283355713,
    "SER": 5.483503818511963
  }
}