{
  "val": {
    "loss": 5.999963760375977,
    "CER": 100.0,
    "IER": 100.0,
    "DER": 0.0,
    "SER": 0.0
  },
  "test": {
    "loss": 5.891664028167725,
    "CER": 100.0,
    "IER": 100.0,
    "DER": 0.0,
    "SER": 0.0
  }
}