{
  "val": {
    "loss": 36.131996154785156,
    "CER": 96.16040802001953,
    "IER": 96.07508850097656,
    "DER": 0.0853242352604866,
    "SER": 0.0
  },
  "test": {
    "loss": 7.669546604156494,
    "CER": 99.9778823852539,
    "IER": 99.9778823852539,
    "DER": 0.0,
    "SER": 0.0
  }
}