{
  "val": {
    "loss": 1.7353694438934326,
    "CER": 72.97777557373047,
    "IER": 70.04444122314453,
    "DER": 0.0,
    "SER": 2.933333396911621
  },
  "test": {
    "loss": 1.7385255098342896,
    "CER": 78.04517364501953,
    "IER": 76.86299133300781,
    "DER": 0.0,
    "SER": 1.182182788848877
  }
}