{
  "val": {
    "loss": 14.283805847167969,
    "CER": 93.52112579345703,
    "IER": 46.197181701660156,
    "DER": 4.037558555603027,
    "SER": 43.28638458251953
  },
  "test": {
    "loss": 12.493935585021973,
    "CER": 89.08634948730469,
    "IER": 37.480064392089844,
    "DER": 0.0,
    "SER": 51.60628890991211
  }
}