{
  "val": {
    "loss": 25.11210823059082,
    "CER": 95.48736572265625,
    "IER": 95.21660614013672,
    "DER": 0.09025270491838455,
    "SER": 0.1805054098367691
  },
  "test": {
    "loss": 8.647747993469238,
    "CER": 99.9771957397461,
    "IER": 99.9771957397461,
    "DER": 0.0,
    "SER": 0.0
  }
}