{
  "val": {
    "loss": 1.6211000680923462,
    "CER": 62.121212005615234,
    "IER": 56.25,
    "DER": 0.3787878751754761,
    "SER": 5.492424011230469
  },
  "test": {
    "loss": 1.4645895957946777,
    "CER": 63.27996826171875,
    "IER": 59.11330032348633,
    "DER": 0.020525451749563217,
    "SER": 4.146141052246094
  }
}