{
  "val": {
    "loss": 2.1106669902801514,
    "CER": 82.5479965209961,
    "IER": 80.89005279541016,
    "DER": 0.0,
    "SER": 1.6579406261444092
  },
  "test": {
    "loss": 1.9283255338668823,
    "CER": 82.70439910888672,
    "IER": 82.05300903320312,
    "DER": 0.0,
    "SER": 0.6513926386833191
  }
}