{
  "val": {
    "loss": 1.0876846313476562,
    "CER": 31.735822677612305,
    "IER": 9.164335250854492,
    "DER": 2.4129228591918945,
    "SER": 20.158565521240234
  },
  "test": {
    "loss": 1.8516924381256104,
    "CER": 52.11689376831055,
    "IER": 15.567151069641113,
    "DER": 1.032564401626587,
    "SER": 35.517181396484375
  }
}