{
  "val": {
    "loss": 0.5277250409126282,
    "CER": 9.603745460510254,
    "IER": 3.083247661590576,
    "DER": 2.1468539237976074,
    "SER": 4.37364387512207
  },
  "test": {
    "loss": 0.4625375270843506,
    "CER": 10.092612266540527,
    "IER": 2.8204588890075684,
    "DER": 1.9680067300796509,
    "SER": 5.3041462898254395
  }
}