{
  "val": {
    "loss": 1.1127212047576904,
    "CER": 21.40361976623535,
    "IER": 5.599661350250244,
    "DER": 2.8474647998809814,
    "SER": 12.956494331359863
  },
  "test": {
    "loss": 1.1631497144699097,
    "CER": 23.661670684814453,
    "IER": 5.5674519538879395,
    "DER": 2.1199142932891846,
    "SER": 15.97430419921875
  }
}