{
  "val": {
    "loss": 0.563174307346344,
    "CER": 11.223369598388672,
    "IER": 2.80035138130188,
    "DER": 1.328794240951538,
    "SER": 7.094223499298096
  },
  "test": {
    "loss": 0.495471715927124,
    "CER": 10.423309326171875,
    "IER": 2.177020311355591,
    "DER": 1.3304013013839722,
    "SER": 6.915887832641602
  }
}