{
  "val": {
    "loss": 0.49642524123191833,
    "CER": 8.009844779968262,
    "IER": 1.476675271987915,
    "DER": 0.816646158695221,
    "SER": 5.716523170471191
  },
  "test": {
    "loss": 0.35700029134750366,
    "CER": 6.712328910827637,
    "IER": 0.844748854637146,
    "DER": 0.4680365324020386,
    "SER": 5.399543285369873
  }
}