{
  "val": {
    "loss": 0.5893412232398987,
    "CER": 9.675004959106445,
    "IER": 2.3091726303100586,
    "DER": 1.2508018016815186,
    "SER": 6.115030765533447
  },
  "test": {
    "loss": 0.5778176784515381,
    "CER": 12.160260200500488,
    "IER": 3.010287046432495,
    "DER": 1.3643746376037598,
    "SER": 7.785598278045654
  }
}