{
  "val": {
    "loss": 0.9331814646720886,
    "CER": 19.406660079956055,
    "IER": 3.1074109077453613,
    "DER": 1.5712945461273193,
    "SER": 14.727954864501953
  },
  "test": {
    "loss": 0.7301331162452698,
    "CER": 16.00467300415039,
    "IER": 1.9158878326416016,
    "DER": 1.2383177280426025,
    "SER": 12.850467681884766
  }
}