{
  "val": {
    "loss": 0.3864858150482178,
    "CER": 8.90052318572998,
    "IER": 3.074523687362671,
    "DER": 2.016263723373413,
    "SER": 3.8097360134124756
  },
  "test": {
    "loss": 0.3670942485332489,
    "CER": 8.64576244354248,
    "IER": 3.3742332458496094,
    "DER": 1.4542149305343628,
    "SER": 3.8173141479492188
  }
}