{
  "val": {
    "loss": 0.9062615633010864,
    "CER": 17.61382484436035,
    "IER": 3.6335437297821045,
    "DER": 1.9053949117660522,
    "SER": 12.074886322021484
  },
  "test": {
    "loss": 0.7809885144233704,
    "CER": 16.67213249206543,
    "IER": 3.192303419113159,
    "DER": 1.836667776107788,
    "SER": 11.64316177368164
  }
}