{
  "val": {
    "loss": 1.4483017921447754,
    "CER": 40.07080078125,
    "IER": 12.058924674987793,
    "DER": 2.2153706550598145,
    "SER": 25.796504974365234
  },
  "test": {
    "loss": 1.3519871234893799,
    "CER": 40.33887481689453,
    "IER": 11.744895935058594,
    "DER": 1.652283787727356,
    "SER": 26.941696166992188
  }
}