{
  "val": {
    "loss": 1.786767601966858,
    "CER": 49.73966979980469,
    "IER": 19.242273330688477,
    "DER": 0.6868283748626709,
    "SER": 29.81056785583496
  },
  "test": {
    "loss": 1.8952908515930176,
    "CER": 52.26850509643555,
    "IER": 20.400131225585938,
    "DER": 0.393571674823761,
    "SER": 31.47480010986328
  }
}