{
  "val": {
    "loss": 1.9083991050720215,
    "CER": 55.403831481933594,
    "IER": 20.874351501464844,
    "DER": 0.9632687568664551,
    "SER": 33.56621170043945
  },
  "test": {
    "loss": 2.0003137588500977,
    "CER": 57.676658630371094,
    "IER": 24.571735382080078,
    "DER": 0.39614561200141907,
    "SER": 32.708778381347656
  }
}