{
  "val": {
    "loss": 2.094290018081665,
    "CER": 55.464351654052734,
    "IER": 23.030017852783203,
    "DER": 0.4104127585887909,
    "SER": 32.023921966552734
  },
  "test": {
    "loss": 1.8434381484985352,
    "CER": 50.911216735839844,
    "IER": 11.904205322265625,
    "DER": 0.45560747385025024,
    "SER": 38.5514030456543
  }
}