{
  "val": {
    "loss": 2.1070780754089355,
    "CER": 55.63395309448242,
    "IER": 13.085310935974121,
    "DER": 1.4859952926635742,
    "SER": 41.06264877319336
  },
  "test": {
    "loss": 2.1771655082702637,
    "CER": 59.014617919921875,
    "IER": 16.556577682495117,
    "DER": 0.8879263401031494,
    "SER": 41.57011413574219
  }
}