{
  "val": {
    "loss": 1.8029793500900269,
    "CER": 51.42029571533203,
    "IER": 12.621143341064453,
    "DER": 4.645204544067383,
    "SER": 34.15394973754883
  },
  "test": {
    "loss": 1.7712712287902832,
    "CER": 51.23835372924805,
    "IER": 12.747102737426758,
    "DER": 3.04476261138916,
    "SER": 35.44649124145508
  }
}