{
  "val": {
    "loss": 1.905938982963562,
    "CER": 54.68921661376953,
    "IER": 18.39446449279785,
    "DER": 0.757742166519165,
    "SER": 35.537010192871094
  },
  "test": {
    "loss": 1.7224920988082886,
    "CER": 50.841121673583984,
    "IER": 15.612974166870117,
    "DER": 0.9345794320106506,
    "SER": 34.2935676574707
  }
}