{
  "val": {
    "loss": 1.8932600021362305,
    "CER": 51.661258697509766,
    "IER": 5.5487189292907715,
    "DER": 2.2709474563598633,
    "SER": 43.84159469604492
  },
  "test": {
    "loss": 1.7418689727783203,
    "CER": 50.46803665161133,
    "IER": 4.292237281799316,
    "DER": 1.7694064378738403,
    "SER": 44.40639114379883
  }
}