val/loss,val/CER,val/IER,val/DER,val/SER,epoch,step
133.8923797607422,1717.62548828125,0.03327648714184761,1645.9700927734375,71.6220932006836,0,0
