{
  "val": {
    "loss": 1.7120243310928345,
    "CER": 68.15008544921875,
    "IER": 64.7469482421875,
    "DER": 0.08726003766059875,
    "SER": 3.3158812522888184
  },
  "test": {
    "loss": 1.5482158660888672,
    "CER": 69.81131744384766,
    "IER": 67.13836669921875,
    "DER": 0.0,
    "SER": 2.6729559898376465
  }
}