{
  "val": {
    "loss": 1.5366899967193604,
    "CER": 62.405303955078125,
    "IER": 56.912879943847656,
    "DER": 0.28409090638160706,
    "SER": 5.208333492279053
  },
  "test": {
    "loss": 1.399868369102478,
    "CER": 65.68144226074219,
    "IER": 62.74630355834961,
    "DER": 0.020525451749563217,
    "SER": 2.914614200592041
  }
}