{
  "val": {
    "loss": 1.239806056022644,
    "CER": 40.6779670715332,
    "IER": 32.29259490966797,
    "DER": 0.9812667369842529,
    "SER": 7.4041032791137695
  },
  "test": {
    "loss": 0.9246424436569214,
    "CER": 36.49601745605469,
    "IER": 30.011377334594727,
    "DER": 0.4550625681877136,
    "SER": 6.029579162597656
  }
}