{
  "val": {
    "loss": 40.98944091796875,
    "CER": 96.67235565185547,
    "IER": 96.07508850097656,
    "DER": 0.0853242352604866,
    "SER": 0.511945366859436
  },
  "test": {
    "loss": 8.41947078704834,
    "CER": 99.9778823852539,
    "IER": 99.9778823852539,
    "DER": 0.0,
    "SER": 0.0
  }
}