{
  "val": {
    "loss": 1.7035566568374634,
    "CER": 70.93333435058594,
    "IER": 68.0888900756836,
    "DER": 0.17777778208255768,
    "SER": 2.6666667461395264
  },
  "test": {
    "loss": 1.651251196861267,
    "CER": 73.52754974365234,
    "IER": 71.58538818359375,
    "DER": 0.0,
    "SER": 1.942157506942749
  }
}