{
  "val": {
    "loss": 1.9796792268753052,
    "CER": 96.57039642333984,
    "IER": 96.57039642333984,
    "DER": 0.0,
    "SER": 0.0
  },
  "test": {
    "loss": 1.9354029893875122,
    "CER": 96.76168823242188,
    "IER": 96.76168823242188,
    "DER": 0.0,
    "SER": 0.0
  }
}