{
  "val": {
    "loss": 1.964808702468872,
    "CER": 70.35984802246094,
    "IER": 66.28787994384766,
    "DER": 0.0,
    "SER": 4.071969509124756
  },
  "test": {
    "loss": 1.7240931987762451,
    "CER": 73.85057830810547,
    "IER": 70.79228210449219,
    "DER": 0.0,
    "SER": 3.0582923889160156
  }
}