{
  "val": {
    "loss": 1.8130340576171875,
    "CER": 78.13333129882812,
    "IER": 76.0888900756836,
    "DER": 0.17777778208255768,
    "SER": 1.8666666746139526
  },
  "test": {
    "loss": 1.8184090852737427,
    "CER": 81.57061767578125,
    "IER": 80.30399322509766,
    "DER": 0.0,
    "SER": 1.2666244506835938
  }
}