{
  "val": {
    "loss": 1.944510579109192,
    "CER": 98.37545013427734,
    "IER": 98.28520202636719,
    "DER": 0.0,
    "SER": 0.09025270491838455
  },
  "test": {
    "loss": 1.9096286296844482,
    "CER": 98.70011138916016,
    "IER": 98.70011138916016,
    "DER": 0.0,
    "SER": 0.0
  }
}