{
  "val": {
    "loss": 1.8817932605743408,
    "CER": 77.83595275878906,
    "IER": 76.09075164794922,
    "DER": 0.0,
    "SER": 1.745200753211975
  },
  "test": {
    "loss": 1.716960072517395,
    "CER": 79.89667510986328,
    "IER": 79.24528503417969,
    "DER": 0.0,
    "SER": 0.6513926386833191
  }
}