{
  "val": {
    "loss": 54.97785186767578,
    "CER": 96.61972045898438,
    "IER": 96.15023803710938,
    "DER": 0.09389671683311462,
    "SER": 0.3755868673324585
  },
  "test": {
    "loss": 7.811350345611572,
    "CER": 99.97721862792969,
    "IER": 99.97721862792969,
    "DER": 0.0,
    "SER": 0.0
  }
}