{
  "val": {
    "loss": 1.2409483194351196,
    "CER": 42.99732208251953,
    "IER": 33.541481018066406,
    "DER": 0.802854597568512,
    "SER": 8.65298843383789
  },
  "test": {
    "loss": 0.9535680413246155,
    "CER": 35.94994354248047,
    "IER": 27.827075958251953,
    "DER": 0.7053470015525818,
    "SER": 7.417520046234131
  }
}