{
  "val": {
    "loss": 85.17562866210938,
    "CER": 97.1843032836914,
    "IER": 96.07508850097656,
    "DER": 0.0853242352604866,
    "SER": 1.023890733718872
  },
  "test": {
    "loss": 8.264243125915527,
    "CER": 99.9778823852539,
    "IER": 99.9778823852539,
    "DER": 0.0,
    "SER": 0.0
  }
}