{
  "val": {
    "loss": 2.817405939102173,
    "CER": 99.91423797607422,
    "IER": 99.91423797607422,
    "DER": 0.0,
    "SER": 0.0
  },
  "test": {
    "loss": 2.813354015350342,
    "CER": 99.85176086425781,
    "IER": 99.85176086425781,
    "DER": 0.0,
    "SER": 0.0
  }
}