{
  "val": {
    "loss": 1.932694673538208,
    "CER": 49.8359260559082,
    "IER": 17.846935272216797,
    "DER": 1.6724885702133179,
    "SER": 30.316503524780273
  },
  "test": {
    "loss": 2.0164217948913574,
    "CER": 53.17987060546875,
    "IER": 24.368309020996094,
    "DER": 0.5460385680198669,
    "SER": 28.26552391052246
  }
}