{
  "val": {
    "loss": 1.490855097770691,
    "CER": 32.47687530517578,
    "IER": 11.853374481201172,
    "DER": 1.5987210273742676,
    "SER": 19.0247802734375
  },
  "test": {
    "loss": 1.325629711151123,
    "CER": 32.929908752441406,
    "IER": 13.091980934143066,
    "DER": 0.8945485353469849,
    "SER": 18.94338035583496
  }
}