{
  "val": {
    "loss": 1.9056806564331055,
    "CER": 49.86821746826172,
    "IER": 18.58115577697754,
    "DER": 1.306830644607544,
    "SER": 29.98023223876953
  },
  "test": {
    "loss": 1.7588136196136475,
    "CER": 45.662452697753906,
    "IER": 17.636064529418945,
    "DER": 0.6926882863044739,
    "SER": 27.33370018005371
  }
}