{
  "val": {
    "loss": 2.138740062713623,
    "CER": 50.70558166503906,
    "IER": 15.565533638000488,
    "DER": 1.9029291868209839,
    "SER": 33.237117767333984
  },
  "test": {
    "loss": 2.1870808601379395,
    "CER": 54.60747146606445,
    "IER": 18.668109893798828,
    "DER": 1.0503519773483276,
    "SER": 34.889007568359375
  }
}