{
  "val": {
    "loss": 1.8143991231918335,
    "CER": 45.538597106933594,
    "IER": 10.404366493225098,
    "DER": 4.8679962158203125,
    "SER": 30.2662353515625
  },
  "test": {
    "loss": 1.7555307149887085,
    "CER": 44.910247802734375,
    "IER": 11.258805274963379,
    "DER": 3.135650873184204,
    "SER": 30.515790939331055
  }
}