{
  "val": {
    "loss": 1.7787975072860718,
    "CER": 44.37797546386719,
    "IER": 17.935083389282227,
    "DER": 0.7089841365814209,
    "SER": 25.733909606933594
  },
  "test": {
    "loss": 1.951362133026123,
    "CER": 49.251121520996094,
    "IER": 20.881162643432617,
    "DER": 0.5028971433639526,
    "SER": 27.8670597076416
  }
}