{
  "val": {
    "loss": 1.8400181531906128,
    "CER": 44.34500503540039,
    "IER": 8.211209297180176,
    "DER": 2.192639112472534,
    "SER": 33.941158294677734
  },
  "test": {
    "loss": 1.6844441890716553,
    "CER": 39.69178009033203,
    "IER": 6.643835544586182,
    "DER": 1.4155250787734985,
    "SER": 31.63241958618164
  }
}