{
  "val": {
    "loss": 2.1092042922973633,
    "CER": 54.32692337036133,
    "IER": 23.182456970214844,
    "DER": 0.7856472730636597,
    "SER": 30.35881805419922
  },
  "test": {
    "loss": 1.8129563331604004,
    "CER": 47.40654373168945,
    "IER": 13.387850761413574,
    "DER": 0.8528037667274475,
    "SER": 33.165889739990234
  }
}