{
  "val": {
    "loss": 1.646831750869751,
    "CER": 94.67508697509766,
    "IER": 94.40433502197266,
    "DER": 0.0,
    "SER": 0.27075812220573425
  },
  "test": {
    "loss": 1.6224645376205444,
    "CER": 93.50057220458984,
    "IER": 93.47776794433594,
    "DER": 0.0,
    "SER": 0.022805016487836838
  }
}