{
  "val": {
    "loss": 2.791530132293701,
    "CER": 98.80545806884766,
    "IER": 98.80545806884766,
    "DER": 0.0,
    "SER": 0.0
  },
  "test": {
    "loss": 2.764838933944702,
    "CER": 99.46914672851562,
    "IER": 99.46914672851562,
    "DER": 0.0,
    "SER": 0.0
  }
}