{
  "val": {
    "loss": 2.512834310531616,
    "CER": 98.71355438232422,
    "IER": 98.71355438232422,
    "DER": 0.0,
    "SER": 0.0
  },
  "test": {
    "loss": 2.5572102069854736,
    "CER": 98.91995239257812,
    "IER": 98.91995239257812,
    "DER": 0.0,
    "SER": 0.0
  }
}