{
  "val": {
    "loss": 1.144516944885254,
    "CER": 40.41034698486328,
    "IER": 34.165924072265625,
    "DER": 0.5352364182472229,
    "SER": 5.709188461303711
  },
  "test": {
    "loss": 0.9026690125465393,
    "CER": 38.31626892089844,
    "IER": 33.9931755065918,
    "DER": 0.3640500605106354,
    "SER": 3.9590444564819336
  }
}