{
  "val": {
    "loss": 1.4644556045532227,
    "CER": 57.00757598876953,
    "IER": 49.71590805053711,
    "DER": 0.5681818127632141,
    "SER": 6.723484992980957
  },
  "test": {
    "loss": 1.280652403831482,
    "CER": 59.133827209472656,
    "IER": 55.35714340209961,
    "DER": 0.041050903499126434,
    "SER": 3.7356321811676025
  }
}