{
  "val": {
    "loss": 1.506353735923767,
    "CER": 60.99476623535156,
    "IER": 57.4171028137207,
    "DER": 0.08726003766059875,
    "SER": 3.49040150642395
  },
  "test": {
    "loss": 1.3795955181121826,
    "CER": 63.23000717163086,
    "IER": 60.377357482910156,
    "DER": 0.044923629611730576,
    "SER": 2.8077268600463867
  }
}