{
  "val": {
    "loss": 1.7094165086746216,
    "CER": 70.04444122314453,
    "IER": 67.19999694824219,
    "DER": 0.17777778208255768,
    "SER": 2.6666667461395264
  },
  "test": {
    "loss": 1.696935772895813,
    "CER": 74.45640563964844,
    "IER": 72.19759368896484,
    "DER": 0.0,
    "SER": 2.2588136196136475
  }
}