{
  "val": {
    "loss": 0.4704436957836151,
    "CER": 7.629488945007324,
    "IER": 1.5997315645217896,
    "DER": 0.7495245337486267,
    "SER": 5.280232906341553
  },
  "test": {
    "loss": 0.3143640160560608,
    "CER": 6.095890522003174,
    "IER": 0.9817351698875427,
    "DER": 0.3995433747768402,
    "SER": 4.714612007141113
  }
}