{
  "val": {
    "loss": 0.41602158546447754,
    "CER": 9.201292037963867,
    "IER": 3.2861757278442383,
    "DER": 1.8380305767059326,
    "SER": 4.077085971832275
  },
  "test": {
    "loss": 0.364887535572052,
    "CER": 9.066121101379395,
    "IER": 3.624176263809204,
    "DER": 1.4542149305343628,
    "SER": 3.987730026245117
  }
}