{
  "val": {
    "loss": 0.9011397361755371,
    "CER": 17.929174423217773,
    "IER": 2.9197936058044434,
    "DER": 1.5126641988754272,
    "SER": 13.496716499328613
  },
  "test": {
    "loss": 0.7445924282073975,
    "CER": 16.06308364868164,
    "IER": 1.8107476234436035,
    "DER": 1.0981308221817017,
    "SER": 13.154205322265625
  }
}