{
  "val": {
    "loss": 1.1100525856018066,
    "CER": 20.1545467376709,
    "IER": 4.8692708015441895,
    "DER": 2.9427330493927,
    "SER": 12.34254264831543
  },
  "test": {
    "loss": 1.1661758422851562,
    "CER": 22.858673095703125,
    "IER": 5.331905841827393,
    "DER": 2.376873731613159,
    "SER": 15.149892807006836
  }
}