{
  "val": {
    "loss": 0.528579831123352,
    "CER": 10.18010139465332,
    "IER": 2.646606683731079,
    "DER": 1.2189764976501465,
    "SER": 6.314517974853516
  },
  "test": {
    "loss": 0.4503024220466614,
    "CER": 9.840571403503418,
    "IER": 2.1550302505493164,
    "DER": 1.220450758934021,
    "SER": 6.465090751647949
  }
}