{
  "val": {
    "loss": 0.9286382794380188,
    "CER": 17.314722061157227,
    "IER": 3.7221667766571045,
    "DER": 1.7170710563659668,
    "SER": 11.875484466552734
  },
  "test": {
    "loss": 0.7743346691131592,
    "CER": 15.589811325073242,
    "IER": 3.039247751235962,
    "DER": 1.3665683269500732,
    "SER": 11.18399429321289
  }
}