{
  "val": {
    "loss": 0.5669758915901184,
    "CER": 9.044193267822266,
    "IER": 2.8091812133789062,
    "DER": 2.1925315856933594,
    "SER": 4.04248046875
  },
  "test": {
    "loss": 0.48929840326309204,
    "CER": 9.745316505432129,
    "IER": 2.578404664993286,
    "DER": 2.1890127658843994,
    "SER": 4.977899551391602
  }
}