{
  "val": {
    "loss": 0.5800309777259827,
    "CER": 9.3756685256958,
    "IER": 2.2877912521362305,
    "DER": 1.0904425382614136,
    "SER": 5.997434139251709
  },
  "test": {
    "loss": 0.5501790642738342,
    "CER": 11.39144515991211,
    "IER": 2.9669735431671143,
    "DER": 1.147807240486145,
    "SER": 7.276664733886719
  }
}