{
  "val": {
    "loss": 2.1930413246154785,
    "CER": 55.54643630981445,
    "IER": 25.10553550720215,
    "DER": 0.644934356212616,
    "SER": 29.79596710205078
  },
  "test": {
    "loss": 1.825753092765808,
    "CER": 48.457942962646484,
    "IER": 13.060748100280762,
    "DER": 0.7009345889091492,
    "SER": 34.69626235961914
  }
}