{
  "val": {
    "loss": 2.022242546081543,
    "CER": 49.70066452026367,
    "IER": 14.699593544006348,
    "DER": 1.9563822746276855,
    "SER": 33.04468536376953
  },
  "test": {
    "loss": 2.0914740562438965,
    "CER": 53.82782745361328,
    "IER": 20.433134078979492,
    "DER": 0.9095830917358398,
    "SER": 32.485111236572266
  }
}