{
  "val": {
    "loss": 1.7738099098205566,
    "CER": 43.54713821411133,
    "IER": 16.72759437561035,
    "DER": 0.9526974558830261,
    "SER": 25.866844177246094
  },
  "test": {
    "loss": 1.8653723001480103,
    "CER": 46.780364990234375,
    "IER": 20.09402084350586,
    "DER": 0.4482343792915344,
    "SER": 26.23811149597168
  }
}