{
  "val": {
    "loss": 1.9981000423431396,
    "CER": 53.50905227661133,
    "IER": 21.975231170654297,
    "DER": 1.0373663902282715,
    "SER": 30.4964542388916
  },
  "test": {
    "loss": 2.0401134490966797,
    "CER": 55.13918685913086,
    "IER": 25.449678421020508,
    "DER": 0.5139186382293701,
    "SER": 29.175588607788086
  }
}