{
  "val": {
    "loss": 1.975611925125122,
    "CER": 52.3830451965332,
    "IER": 20.821435928344727,
    "DER": 1.131122350692749,
    "SER": 30.430484771728516
  },
  "test": {
    "loss": 1.8068549633026123,
    "CER": 47.454647064208984,
    "IER": 20.021989822387695,
    "DER": 0.6377130150794983,
    "SER": 26.79494285583496
  }
}