{
  "val": {
    "loss": 1.3985614776611328,
    "CER": 31.083703994750977,
    "IER": 10.72284984588623,
    "DER": 1.7243348360061646,
    "SER": 18.636518478393555
  },
  "test": {
    "loss": 1.3396422863006592,
    "CER": 32.70890426635742,
    "IER": 12.218480110168457,
    "DER": 1.3997052907943726,
    "SER": 19.090717315673828
  }
}