{
  "val": {
    "loss": 1.970438838005066,
    "CER": 48.47944641113281,
    "IER": 11.941628456115723,
    "DER": 4.723181247711182,
    "SER": 31.814638137817383
  },
  "test": {
    "loss": 1.8932666778564453,
    "CER": 48.159507751464844,
    "IER": 12.815269470214844,
    "DER": 3.112928867340088,
    "SER": 32.2313117980957
  }
}