{
  "val": {
    "loss": 1.7886195182800293,
    "CER": 44.85960388183594,
    "IER": 8.41257381439209,
    "DER": 2.584181785583496,
    "SER": 33.86284637451172
  },
  "test": {
    "loss": 1.6693224906921387,
    "CER": 39.38356018066406,
    "IER": 8.344748497009277,
    "DER": 1.1415525674819946,
    "SER": 29.897260665893555
  }
}