{
  "val": {
    "loss": 0.5687916278839111,
    "CER": 11.322205543518066,
    "IER": 2.635624885559082,
    "DER": 1.6033384799957275,
    "SER": 7.083241939544678
  },
  "test": {
    "loss": 0.46756941080093384,
    "CER": 9.873557090759277,
    "IER": 2.1440351009368896,
    "DER": 1.418361783027649,
    "SER": 6.311160087585449
  }
}