{
  "val": {
    "loss": 0.9682409763336182,
    "CER": 17.74675941467285,
    "IER": 3.6224658489227295,
    "DER": 1.9386285543441772,
    "SER": 12.185665130615234
  },
  "test": {
    "loss": 0.784101128578186,
    "CER": 16.82518768310547,
    "IER": 3.017382860183716,
    "DER": 2.0006558895111084,
    "SER": 11.807149887084961
  }
}