{
  "val": {
    "loss": 0.4899071156978607,
    "CER": 8.356639862060547,
    "IER": 1.465488314628601,
    "DER": 0.8278331160545349,
    "SER": 6.063318252563477
  },
  "test": {
    "loss": 0.34276533126831055,
    "CER": 6.963470458984375,
    "IER": 0.7534246444702148,
    "DER": 0.7191780805587769,
    "SER": 5.490867614746094
  }
}