{
  "val": {
    "loss": 0.6695272922515869,
    "CER": 9.523809432983398,
    "IER": 2.523695230484009,
    "DER": 2.5579535961151123,
    "SER": 4.442160606384277
  },
  "test": {
    "loss": 0.5419268012046814,
    "CER": 10.113659858703613,
    "IER": 2.7467901706695557,
    "DER": 2.25215744972229,
    "SER": 5.114712715148926
  }
}