{
  "val": {
    "loss": 0.9065364599227905,
    "CER": 19.113508224487305,
    "IER": 2.9315197467803955,
    "DER": 1.782364010810852,
    "SER": 14.399624824523926
  },
  "test": {
    "loss": 0.709122359752655,
    "CER": 15.841121673583984,
    "IER": 1.6588784456253052,
    "DER": 1.1915887594223022,
    "SER": 12.990653991699219
  }
}