{
  "val": {
    "loss": 0.41469648480415344,
    "CER": 9.112175941467285,
    "IER": 3.085663318634033,
    "DER": 1.9271471500396729,
    "SER": 4.099365234375
  },
  "test": {
    "loss": 0.37326207756996155,
    "CER": 9.191092491149902,
    "IER": 3.5560100078582764,
    "DER": 1.647352933883667,
    "SER": 3.987730026245117
  }
}