{
  "val": {
    "loss": 0.5682573914527893,
    "CER": 9.98503303527832,
    "IER": 2.159503936767578,
    "DER": 1.3470172882080078,
    "SER": 6.478511810302734
  },
  "test": {
    "loss": 0.5675560235977173,
    "CER": 12.073633193969727,
    "IER": 2.642122268676758,
    "DER": 1.4618300199508667,
    "SER": 7.9696807861328125
  }
}