{
  "val": {
    "loss": 0.9879697561264038,
    "CER": 20.620302200317383,
    "IER": 4.498782634735107,
    "DER": 3.472001791000366,
    "SER": 12.649518013000488
  },
  "test": {
    "loss": 1.0254417657852173,
    "CER": 23.790149688720703,
    "IER": 4.175589084625244,
    "DER": 2.7408993244171143,
    "SER": 16.873661041259766
  }
}