{
  "val": {
    "loss": 1.8931694030761719,
    "CER": 46.596858978271484,
    "IER": 12.131001472473145,
    "DER": 4.388994216918945,
    "SER": 30.076862335205078
  },
  "test": {
    "loss": 1.8555079698562622,
    "CER": 46.31901931762695,
    "IER": 12.553964614868164,
    "DER": 2.6130425930023193,
    "SER": 31.152009963989258
  }
}