{
  "val": {
    "loss": 2.052178382873535,
    "CER": 51.524391174316406,
    "IER": 20.18058204650879,
    "DER": 0.7035647034645081,
    "SER": 30.640243530273438
  },
  "test": {
    "loss": 1.8281919956207275,
    "CER": 47.35981369018555,
    "IER": 12.383177757263184,
    "DER": 0.8995327353477478,
    "SER": 34.07710266113281
  }
}