{
  "val": {
    "loss": 2.061713695526123,
    "CER": 49.59375762939453,
    "IER": 15.20205307006836,
    "DER": 1.785332441329956,
    "SER": 32.60637283325195
  },
  "test": {
    "loss": 2.250354766845703,
    "CER": 55.376285552978516,
    "IER": 18.689767837524414,
    "DER": 1.2127774953842163,
    "SER": 35.47373962402344
  }
}