{
  "val": {
    "loss": 1.7939931154251099,
    "CER": 44.24504089355469,
    "IER": 17.6802921295166,
    "DER": 0.8086850643157959,
    "SER": 25.756065368652344
  },
  "test": {
    "loss": 1.914276361465454,
    "CER": 46.85689163208008,
    "IER": 20.706241607666016,
    "DER": 0.459166944026947,
    "SER": 25.691484451293945
  }
}