{
  "val": {
    "loss": 1.4605299234390259,
    "CER": 32.705265045166016,
    "IER": 12.058924674987793,
    "DER": 1.7585930824279785,
    "SER": 18.887746810913086
  },
  "test": {
    "loss": 1.3418433666229248,
    "CER": 33.63502502441406,
    "IER": 13.523468971252441,
    "DER": 0.9576930999755859,
    "SER": 19.15386199951172
  }
}