{
  "val": {
    "loss": 1.9029264450073242,
    "CER": 50.6149787902832,
    "IER": 19.185152053833008,
    "DER": 1.3617395162582397,
    "SER": 30.068086624145508
  },
  "test": {
    "loss": 1.6956309080123901,
    "CER": 45.079715728759766,
    "IER": 17.438152313232422,
    "DER": 0.6047278642654419,
    "SER": 27.036832809448242
  }
}