{
  "val": {
    "loss": 1.7861871719360352,
    "CER": 42.66696548461914,
    "IER": 7.987470626831055,
    "DER": 1.8234702348709106,
    "SER": 32.85602569580078
  },
  "test": {
    "loss": 1.664503812789917,
    "CER": 38.99543380737305,
    "IER": 7.88812780380249,
    "DER": 1.0159817934036255,
    "SER": 30.091323852539062
  }
}