{
  "val": {
    "loss": 1.926328420639038,
    "CER": 51.053245544433594,
    "IER": 20.249814987182617,
    "DER": 1.2490737438201904,
    "SER": 29.55435562133789
  },
  "test": {
    "loss": 1.9882993698120117,
    "CER": 52.76231384277344,
    "IER": 24.229122161865234,
    "DER": 0.3211991488933563,
    "SER": 28.211992263793945
  }
}