{
  "val": {
    "loss": 0.6175518035888672,
    "CER": 12.967314720153809,
    "IER": 5.38346529006958,
    "DER": 1.495406985282898,
    "SER": 6.088442802429199
  },
  "test": {
    "loss": 0.6421988010406494,
    "CER": 18.218280792236328,
    "IER": 8.80303955078125,
    "DER": 1.1188515424728394,
    "SER": 8.296390533447266
  }
}