{
  "val": {
    "loss": 0.49269232153892517,
    "CER": 13.173381805419922,
    "IER": 6.043458461761475,
    "DER": 2.738795757293701,
    "SER": 4.391127109527588
  },
  "test": {
    "loss": 0.39043188095092773,
    "CER": 11.379703521728516,
    "IER": 5.56442403793335,
    "DER": 1.2998859882354736,
    "SER": 4.515393257141113
  }
}