{
  "val": {
    "loss": 0.9170116186141968,
    "CER": 25.638622283935547,
    "IER": 6.843215465545654,
    "DER": 1.9685962200164795,
    "SER": 16.826810836791992
  },
  "test": {
    "loss": 0.5868582129478455,
    "CER": 18.295740127563477,
    "IER": 2.9619503021240234,
    "DER": 1.617680549621582,
    "SER": 13.716108322143555
  }
}