{
  "val": {
    "loss": 1.066577434539795,
    "CER": 25.362628936767578,
    "IER": 7.209897518157959,
    "DER": 3.711604118347168,
    "SER": 14.441125869750977
  },
  "test": {
    "loss": 0.9627793431282043,
    "CER": 25.222362518310547,
    "IER": 6.0991106033325195,
    "DER": 2.583651065826416,
    "SER": 16.539602279663086
  }
}