{
  "val": {
    "loss": 1.1046494245529175,
    "CER": 28.849557876586914,
    "IER": 13.827433586120605,
    "DER": 1.9026548862457275,
    "SER": 13.119468688964844
  },
  "test": {
    "loss": 0.8588148355484009,
    "CER": 25.171422958374023,
    "IER": 11.966379165649414,
    "DER": 1.3492590188980103,
    "SER": 11.85578441619873
  }
}