{
  "val": {
    "loss": 0.6413629651069641,
    "CER": 15.680212020874023,
    "IER": 5.05742073059082,
    "DER": 2.075971841812134,
    "SER": 8.546819686889648
  },
  "test": {
    "loss": 0.5370091795921326,
    "CER": 15.992812156677246,
    "IER": 4.088050365447998,
    "DER": 1.8194069862365723,
    "SER": 10.085354804992676
  }
}