{
  "val": {
    "loss": 0.5174180865287781,
    "CER": 12.194036483764648,
    "IER": 3.07076096534729,
    "DER": 1.6021361351013184,
    "SER": 7.521139144897461
  },
  "test": {
    "loss": 0.30572012066841125,
    "CER": 8.623435974121094,
    "IER": 1.5472127199172974,
    "DER": 0.5233219861984253,
    "SER": 6.552900791168213
  }
}