{
  "val": {
    "loss": 0.6313691139221191,
    "CER": 14.803694725036621,
    "IER": 6.8360276222229,
    "DER": 3.0715935230255127,
    "SER": 4.896073818206787
  },
  "test": {
    "loss": 0.4885077476501465,
    "CER": 13.382594108581543,
    "IER": 5.480295658111572,
    "DER": 2.237274169921875,
    "SER": 5.665024757385254
  }
}