{
  "val": {
    "loss": 1.6865099668502808,
    "CER": 93.23104858398438,
    "IER": 92.50902557373047,
    "DER": 0.0,
    "SER": 0.7220216393470764
  },
  "test": {
    "loss": 1.6355254650115967,
    "CER": 91.06043243408203,
    "IER": 90.9692153930664,
    "DER": 0.0,
    "SER": 0.09122006595134735
  }
}