{
  "val": {
    "loss": 2.714019536972046,
    "CER": 99.05660247802734,
    "IER": 98.97084045410156,
    "DER": 0.0,
    "SER": 0.08576329052448273
  },
  "test": {
    "loss": 2.7264504432678223,
    "CER": 99.06819152832031,
    "IER": 99.06819152832031,
    "DER": 0.0,
    "SER": 0.0
  }
}