{
  "val": {
    "loss": 1.3284516334533691,
    "CER": 46.93333435058594,
    "IER": 38.488887786865234,
    "DER": 0.800000011920929,
    "SER": 7.644444465637207
  },
  "test": {
    "loss": 1.395190715789795,
    "CER": 57.94806671142578,
    "IER": 52.41714096069336,
    "DER": 0.0633312240242958,
    "SER": 5.46759557723999
  }
}