{
  "val": {
    "loss": 2.8145997524261475,
    "CER": 98.97611236572266,
    "IER": 98.97611236572266,
    "DER": 0.0,
    "SER": 0.0
  },
  "test": {
    "loss": 2.7881009578704834,
    "CER": 99.57974243164062,
    "IER": 99.57974243164062,
    "DER": 0.0,
    "SER": 0.0
  }
}