{
  "val": {
    "loss": 1.2275981903076172,
    "CER": 40.58876037597656,
    "IER": 31.222122192382812,
    "DER": 0.9812667369842529,
    "SER": 8.385370254516602
  },
  "test": {
    "loss": 0.9190722107887268,
    "CER": 35.67690658569336,
    "IER": 28.646188735961914,
    "DER": 0.4550625681877136,
    "SER": 6.575654029846191
  }
}