{
  "val": {
    "loss": 1.4985066652297974,
    "CER": 58.813262939453125,
    "IER": 53.141361236572266,
    "DER": 0.1745200753211975,
    "SER": 5.497382164001465
  },
  "test": {
    "loss": 1.3163506984710693,
    "CER": 61.747528076171875,
    "IER": 58.24348449707031,
    "DER": 0.0,
    "SER": 3.5040431022644043
  }
}