{
  "val": {
    "loss": 1.4405964612960815,
    "CER": 55.77651596069336,
    "IER": 50.568180084228516,
    "DER": 0.4734848439693451,
    "SER": 4.734848499298096
  },
  "test": {
    "loss": 1.286243200302124,
    "CER": 58.72331619262695,
    "IER": 55.110836029052734,
    "DER": 0.06157635524868965,
    "SER": 3.550903081893921
  }
}