{
  "val": {
    "loss": 0.9199285507202148,
    "CER": 19.62945556640625,
    "IER": 3.0370543003082275,
    "DER": 1.7471857070922852,
    "SER": 14.845215797424316
  },
  "test": {
    "loss": 0.7098411321640015,
    "CER": 16.03972053527832,
    "IER": 1.4018691778182983,
    "DER": 1.1799064874649048,
    "SER": 13.4579439163208
  }
}