{
  "val": {
    "loss": 0.5563196539878845,
    "CER": 10.84998893737793,
    "IER": 2.844278573989868,
    "DER": 1.2958488464355469,
    "SER": 6.709861755371094
  },
  "test": {
    "loss": 0.44851529598236084,
    "CER": 10.082463264465332,
    "IER": 2.100054979324341,
    "DER": 1.2644309997558594,
    "SER": 6.717977046966553
  }
}