{
  "val": {
    "loss": 0.5775904655456543,
    "CER": 9.68569564819336,
    "IER": 2.0205259323120117,
    "DER": 1.3256361484527588,
    "SER": 6.339533805847168
  },
  "test": {
    "loss": 0.5281794667243958,
    "CER": 11.488901138305664,
    "IER": 2.782891273498535,
    "DER": 1.2885761260986328,
    "SER": 7.417433738708496
  }
}