{
  "val": {
    "loss": 0.5654467344284058,
    "CER": 8.781546592712402,
    "IER": 2.455178737640381,
    "DER": 2.272467851638794,
    "SER": 4.053899765014648
  },
  "test": {
    "loss": 0.48395419120788574,
    "CER": 9.534834861755371,
    "IER": 2.336350202560425,
    "DER": 2.1995370388031006,
    "SER": 4.998947620391846
  }
}