{
  "val": {
    "loss": 1.0906541347503662,
    "CER": 21.276596069335938,
    "IER": 5.54673433303833,
    "DER": 2.879220962524414,
    "SER": 12.850640296936035
  },
  "test": {
    "loss": 1.1496809720993042,
    "CER": 23.75802993774414,
    "IER": 5.653104782104492,
    "DER": 2.237687349319458,
    "SER": 15.86723804473877
  }
}