{
  "val": {
    "loss": 0.9111555218696594,
    "CER": 17.2814884185791,
    "IER": 3.7221667766571045,
    "DER": 1.8389276266098022,
    "SER": 11.720394134521484
  },
  "test": {
    "loss": 0.7412762641906738,
    "CER": 15.983382225036621,
    "IER": 2.8752596378326416,
    "DER": 1.8585329055786133,
    "SER": 11.249589920043945
  }
}