{
  "val": {
    "loss": 0.42256399989128113,
    "CER": 9.40180492401123,
    "IER": 3.4198508262634277,
    "DER": 1.8491700887680054,
    "SER": 4.132783889770508
  },
  "test": {
    "loss": 0.365507572889328,
    "CER": 9.304703712463379,
    "IER": 3.5900931358337402,
    "DER": 1.5451034307479858,
    "SER": 4.169507026672363
  }
}