{
  "val": {
    "loss": 0.5096420049667358,
    "CER": 8.032217979431152,
    "IER": 1.6892269849777222,
    "DER": 0.9285154938697815,
    "SER": 5.414475917816162
  },
  "test": {
    "loss": 0.3531230092048645,
    "CER": 6.632420063018799,
    "IER": 0.8904109597206116,
    "DER": 0.6050228476524353,
    "SER": 5.136986255645752
  }
}