{
  "val": {
    "loss": 1.1127212047576904,
    "CER": 15.507568359375,
    "IER": 4.795173168182373,
    "DER": 2.2123425006866455,
    "SER": 8.500052452087402
  },
  "test": {
    "loss": 1.1631497144699097,
    "CER": 16.68094253540039,
    "IER": 5.546038627624512,
    "DER": 1.4775160551071167,
    "SER": 9.657387733459473
  }
}