{
  "val": {
    "loss": 0.9331814646720886,
    "CER": 13.133208274841309,
    "IER": 3.0370543003082275,
    "DER": 1.7002813816070557,
    "SER": 8.395872116088867
  },
  "test": {
    "loss": 0.7301331162452698,
    "CER": 9.976635932922363,
    "IER": 1.9392523765563965,
    "DER": 0.7710280418395996,
    "SER": 7.266355037689209
  }
}