{
  "val": {
    "loss": 0.3864858150482178,
    "CER": 5.692324638366699,
    "IER": 2.1387991905212402,
    "DER": 1.5038431882858276,
    "SER": 2.0496826171875
  },
  "test": {
    "loss": 0.3670942485332489,
    "CER": 4.158145904541016,
    "IER": 1.7155191898345947,
    "DER": 0.6589411497116089,
    "SER": 1.783685564994812
  }
}