{
  "val": {
    "loss": 0.49642524123191833,
    "CER": 5.7948317527771,
    "IER": 1.3200582265853882,
    "DER": 1.219375729560852,
    "SER": 3.2553977966308594
  },
  "test": {
    "loss": 0.35700029134750366,
    "CER": 3.321917772293091,
    "IER": 0.5136986374855042,
    "DER": 0.3767123222351074,
    "SER": 2.431506872177124
  }
}