{
  "val": {
    "loss": 0.5893412232398987,
    "CER": 6.29677152633667,
    "IER": 1.785332441329956,
    "DER": 1.389779806137085,
    "SER": 3.121659278869629
  },
  "test": {
    "loss": 0.5778176784515381,
    "CER": 6.507850646972656,
    "IER": 1.8624796867370605,
    "DER": 0.8337845206260681,
    "SER": 3.811586380004883
  }
}