{
  "val": {
    "loss": 0.563174307346344,
    "CER": 7.4456400871276855,
    "IER": 2.064572811126709,
    "DER": 1.3617395162582397,
    "SER": 4.0193281173706055
  },
  "test": {
    "loss": 0.495471715927124,
    "CER": 5.299615383148193,
    "IER": 1.4843320846557617,
    "DER": 0.8356239795684814,
    "SER": 2.979659080505371
  }
}