{
  "val": {
    "loss": 0.9062615633010864,
    "CER": 11.210811614990234,
    "IER": 2.7916250228881836,
    "DER": 1.7835382223129272,
    "SER": 6.635648727416992
  },
  "test": {
    "loss": 0.7809885144233704,
    "CER": 9.686236381530762,
    "IER": 2.4051601886749268,
    "DER": 1.1916475296020508,
    "SER": 6.089428424835205
  }
}