{
  "val": {
    "loss": 0.5277250409126282,
    "CER": 6.56617546081543,
    "IER": 2.181112289428711,
    "DER": 2.0326595306396484,
    "SER": 2.3524038791656494
  },
  "test": {
    "loss": 0.4625375270843506,
    "CER": 5.76720666885376,
    "IER": 1.8417174816131592,
    "DER": 1.3681330680847168,
    "SER": 2.557356357574463
  }
}