{
  "val": {
    "loss": 2.031014919281006,
    "CER": 52.97605895996094,
    "IER": 21.392488479614258,
    "DER": 1.0432682037353516,
    "SER": 30.540302276611328
  },
  "test": {
    "loss": 1.7867512702941895,
    "CER": 46.816932678222656,
    "IER": 19.19736099243164,
    "DER": 0.6267179846763611,
    "SER": 26.99285316467285
  }
}