{
  "val": {
    "loss": 2.056358814239502,
    "CER": 48.930938720703125,
    "IER": 14.945477485656738,
    "DER": 1.945691704750061,
    "SER": 32.03976821899414
  },
  "test": {
    "loss": 2.2280960083007812,
    "CER": 55.755279541015625,
    "IER": 19.306983947753906,
    "DER": 1.2127774953842163,
    "SER": 35.23551559448242
  }
}