{
  "val": {
    "loss": 1.7335996627807617,
    "CER": 42.57228469848633,
    "IER": 16.8826847076416,
    "DER": 0.8862301707267761,
    "SER": 24.803367614746094
  },
  "test": {
    "loss": 1.875013828277588,
    "CER": 46.332130432128906,
    "IER": 19.372472763061523,
    "DER": 0.5466272830963135,
    "SER": 26.41303253173828
  }
}