{
  "val": {
    "loss": 1.889492154121399,
    "CER": 46.64141845703125,
    "IER": 12.59886360168457,
    "DER": 4.143923282623291,
    "SER": 29.898630142211914
  },
  "test": {
    "loss": 1.827157974243164,
    "CER": 46.22813034057617,
    "IER": 13.451488494873047,
    "DER": 2.715291976928711,
    "SER": 30.061349868774414
  }
}