{
  "val": {
    "loss": 1.8853522539138794,
    "CER": 46.3586540222168,
    "IER": 8.994295120239258,
    "DER": 2.2038259506225586,
    "SER": 35.1605339050293
  },
  "test": {
    "loss": 1.706571102142334,
    "CER": 39.109588623046875,
    "IER": 8.082191467285156,
    "DER": 1.2557077407836914,
    "SER": 29.771690368652344
  }
}