{
  "val": {
    "loss": 1.9664990901947021,
    "CER": 50.644935607910156,
    "IER": 19.219043731689453,
    "DER": 0.8442776799201965,
    "SER": 30.581613540649414
  },
  "test": {
    "loss": 1.8341004848480225,
    "CER": 46.15654373168945,
    "IER": 12.418224334716797,
    "DER": 0.8177570104598999,
    "SER": 32.92055892944336
  }
}