{
  "val": {
    "loss": 2.0550506114959717,
    "CER": 53.9642219543457,
    "IER": 21.371864318847656,
    "DER": 1.2914152145385742,
    "SER": 31.300941467285156
  },
  "test": {
    "loss": 2.1707024574279785,
    "CER": 56.33832931518555,
    "IER": 28.897216796875,
    "DER": 0.3426124155521393,
    "SER": 27.098501205444336
  }
}