{
  "val": {
    "loss": 1.3878551721572876,
    "CER": 30.39853858947754,
    "IER": 11.693502426147461,
    "DER": 1.7585930824279785,
    "SER": 16.946443557739258
  },
  "test": {
    "loss": 1.3214443922042847,
    "CER": 32.17217254638672,
    "IER": 13.597137451171875,
    "DER": 1.010313630104065,
    "SER": 17.56472396850586
  }
}