{
  "val": {
    "loss": 0.6339699625968933,
    "CER": 9.523809432983398,
    "IER": 3.0604088306427,
    "DER": 2.3067259788513184,
    "SER": 4.156674861907959
  },
  "test": {
    "loss": 0.5626232624053955,
    "CER": 10.955588340759277,
    "IER": 3.641338586807251,
    "DER": 1.9048621654510498,
    "SER": 5.409387588500977
  }
}