{
  "val": {
    "loss": 0.7148457169532776,
    "CER": 13.518559455871582,
    "IER": 4.46958065032959,
    "DER": 1.6143202781677246,
    "SER": 7.434658527374268
  },
  "test": {
    "loss": 0.6155886650085449,
    "CER": 12.479384422302246,
    "IER": 3.562397003173828,
    "DER": 1.3633865118026733,
    "SER": 7.553600788116455
  }
}