{
  "val": {
    "loss": 1.3719862699508667,
    "CER": 24.42045021057129,
    "IER": 6.266539573669434,
    "DER": 3.302635669708252,
    "SER": 14.851275444030762
  },
  "test": {
    "loss": 1.4483187198638916,
    "CER": 27.152034759521484,
    "IER": 6.809422016143799,
    "DER": 2.83725905418396,
    "SER": 17.505353927612305
  }
}