{
  "val": {
    "loss": 1.227711796760559,
    "CER": 23.141685485839844,
    "IER": 6.967985153198242,
    "DER": 2.3152763843536377,
    "SER": 13.85842514038086
  },
  "test": {
    "loss": 0.9629275798797607,
    "CER": 20.87023162841797,
    "IER": 6.264348983764648,
    "DER": 2.0225210189819336,
    "SER": 12.58336067199707
  }
}