{
  "val": {
    "loss": 1.0567368268966675,
    "CER": 21.974672317504883,
    "IER": 5.218104839324951,
    "DER": 1.7940900325775146,
    "SER": 14.96247673034668
  },
  "test": {
    "loss": 0.8386896848678589,
    "CER": 18.761682510375977,
    "IER": 3.0023365020751953,
    "DER": 1.3785046339035034,
    "SER": 14.380841255187988
  }
}