{
  "val": {
    "loss": 0.6769548654556274,
    "CER": 11.428265571594238,
    "IER": 3.891383409500122,
    "DER": 1.411160945892334,
    "SER": 6.125721454620361
  },
  "test": {
    "loss": 0.6635303497314453,
    "CER": 14.61829948425293,
    "IER": 5.468327045440674,
    "DER": 1.1261504888534546,
    "SER": 8.023822784423828
  }
}