{
  "val": {
    "loss": 0.5953401327133179,
    "CER": 9.329902648925781,
    "IER": 1.6556662321090698,
    "DER": 0.9844501614570618,
    "SER": 6.689786434173584
  },
  "test": {
    "loss": 0.4145139157772064,
    "CER": 7.694064140319824,
    "IER": 1.2328766584396362,
    "DER": 0.7648401856422424,
    "SER": 5.696347236633301
  }
}