{
  "val": {
    "loss": 0.44728758931159973,
    "CER": 10.437785148620605,
    "IER": 5.179903984069824,
    "DER": 1.6932159662246704,
    "SER": 3.5646653175354004
  },
  "test": {
    "loss": 0.4045621156692505,
    "CER": 10.3385591506958,
    "IER": 5.362417697906494,
    "DER": 1.4087706804275513,
    "SER": 3.567371129989624
  }
}