{
  "val": {
    "loss": 1.907811164855957,
    "CER": 52.31146240234375,
    "IER": 14.002450942993164,
    "DER": 4.422412872314453,
    "SER": 33.886600494384766
  },
  "test": {
    "loss": 1.8278334140777588,
    "CER": 52.53351593017578,
    "IER": 14.31492805480957,
    "DER": 3.04476261138916,
    "SER": 35.173824310302734
  }
}