{
  "val": {
    "loss": 2.0906832218170166,
    "CER": 55.24155807495117,
    "IER": 19.957786560058594,
    "DER": 0.5628517866134644,
    "SER": 34.72092056274414
  },
  "test": {
    "loss": 1.8455848693847656,
    "CER": 50.87616729736328,
    "IER": 9.95327091217041,
    "DER": 0.7126168012619019,
    "SER": 40.21028137207031
  }
}