{
  "val": {
    "loss": 1.4368577003479004,
    "CER": 39.89950942993164,
    "IER": 12.435765266418457,
    "DER": 1.952723503112793,
    "SER": 25.51102066040039
  },
  "test": {
    "loss": 1.3529112339019775,
    "CER": 40.74931716918945,
    "IER": 12.386865615844727,
    "DER": 1.4628499746322632,
    "SER": 26.899600982666016
  }
}