{
  "val": {
    "loss": 1.7444885969161987,
    "CER": 48.74266052246094,
    "IER": 18.090173721313477,
    "DER": 0.6425169110298157,
    "SER": 30.00996971130371
  },
  "test": {
    "loss": 1.8406026363372803,
    "CER": 51.273643493652344,
    "IER": 19.49272918701172,
    "DER": 0.426369309425354,
    "SER": 31.354541778564453
  }
}