{
  "val": {
    "loss": 2.0836286544799805,
    "CER": 54.53282165527344,
    "IER": 12.251442909240723,
    "DER": 1.7211887836456299,
    "SER": 40.56018829345703
  },
  "test": {
    "loss": 2.179074764251709,
    "CER": 59.14455795288086,
    "IER": 15.484569549560547,
    "DER": 0.8987547159194946,
    "SER": 42.761234283447266
  }
}