{
  "val": {
    "loss": 2.013382911682129,
    "CER": 56.95146179199219,
    "IER": 18.69097328186035,
    "DER": 0.8346145153045654,
    "SER": 37.425872802734375
  },
  "test": {
    "loss": 1.7894926071166992,
    "CER": 51.86366271972656,
    "IER": 15.865859985351562,
    "DER": 0.8356239795684814,
    "SER": 35.16217803955078
  }
}