{
  "val": {
    "loss": 1.763564944267273,
    "CER": 49.18894577026367,
    "IER": 5.403288841247559,
    "DER": 2.2038259506225586,
    "SER": 41.58183288574219
  },
  "test": {
    "loss": 1.5533361434936523,
    "CER": 46.39269256591797,
    "IER": 4.7031965255737305,
    "DER": 1.5410958528518677,
    "SER": 40.14840316772461
  }
}