{
  "val": {
    "loss": 1.9498366117477417,
    "CER": 55.77431869506836,
    "IER": 21.234254837036133,
    "DER": 1.0902931690216064,
    "SER": 33.449771881103516
  },
  "test": {
    "loss": 2.0450501441955566,
    "CER": 57.708778381347656,
    "IER": 25.417558670043945,
    "DER": 0.36402568221092224,
    "SER": 31.927194595336914
  }
}