{
  "val": {
    "loss": 0.4791359305381775,
    "CER": 8.144087791442871,
    "IER": 1.6780400276184082,
    "DER": 0.7607114911079407,
    "SER": 5.705336093902588
  },
  "test": {
    "loss": 0.3212805390357971,
    "CER": 6.689497947692871,
    "IER": 0.8219178318977356,
    "DER": 0.5136986374855042,
    "SER": 5.353881359100342
  }
}