{
  "val": {
    "loss": 0.5212013125419617,
    "CER": 10.707225799560547,
    "IER": 2.657588481903076,
    "DER": 1.5374478101730347,
    "SER": 6.512189865112305
  },
  "test": {
    "loss": 0.46008700132369995,
    "CER": 10.203408241271973,
    "IER": 1.935129165649414,
    "DER": 1.396371603012085,
    "SER": 6.871907711029053
  }
}