{
  "val": {
    "loss": 0.5735504627227783,
    "CER": 9.226903915405273,
    "IER": 3.0033116340637207,
    "DER": 2.0554983615875244,
    "SER": 4.168094158172607
  },
  "test": {
    "loss": 0.4691990911960602,
    "CER": 9.419069290161133,
    "IER": 2.873079299926758,
    "DER": 1.9364343881607056,
    "SER": 4.609555721282959
  }
}