{
  "val": {
    "loss": 0.8982744216918945,
    "CER": 17.6802921295166,
    "IER": 3.7886340618133545,
    "DER": 1.9497064352035522,
    "SER": 11.941951751708984
  },
  "test": {
    "loss": 0.7586256265640259,
    "CER": 16.956378936767578,
    "IER": 3.2141685485839844,
    "DER": 1.771072506904602,
    "SER": 11.971138000488281
  }
}