{
  "val": {
    "loss": 1.1340912580490112,
    "CER": 20.91669273376465,
    "IER": 5.165660858154297,
    "DER": 2.8898062705993652,
    "SER": 12.861226081848145
  },
  "test": {
    "loss": 1.1513581275939941,
    "CER": 23.640256881713867,
    "IER": 5.642398357391357,
    "DER": 2.387580394744873,
    "SER": 15.610278129577637
  }
}