{
  "val": {
    "loss": 0.5212160348892212,
    "CER": 9.161855697631836,
    "IER": 2.073979139328003,
    "DER": 1.0262988805770874,
    "SER": 6.061577796936035
  },
  "test": {
    "loss": 0.5188369750976562,
    "CER": 11.120736122131348,
    "IER": 2.7395777702331543,
    "DER": 1.2885761260986328,
    "SER": 7.092582702636719
  }
}