{
  "val": {
    "loss": 0.890106201171875,
    "CER": 18.85553550720215,
    "IER": 3.095684766769409,
    "DER": 1.5243902206420898,
    "SER": 14.235459327697754
  },
  "test": {
    "loss": 0.6837400794029236,
    "CER": 15.747663497924805,
    "IER": 1.7990654706954956,
    "DER": 1.0747663974761963,
    "SER": 12.873831748962402
  }
}