{
  "val": {
    "loss": 0.40841129422187805,
    "CER": 9.134454727172852,
    "IER": 2.996546745300293,
    "DER": 1.9271471500396729,
    "SER": 4.210761070251465
  },
  "test": {
    "loss": 0.37120792269706726,
    "CER": 9.225175857543945,
    "IER": 3.510565757751465,
    "DER": 1.5451034307479858,
    "SER": 4.169507026672363
  }
}