{
   "test": {
      "paper_greedy": 15.38,
      "ours_greedy": 36.03027653694153
   },
   "val": {
      "paper_greedy": 15.65,
      "ours_greedy": 37.03650259971619
   }
}