{
  "val": {
    "loss": 1.0513228178024292,
    "CER": 28.207963943481445,
    "IER": 13.384955406188965,
    "DER": 1.9247788190841675,
    "SER": 12.89823055267334
  },
  "test": {
    "loss": 0.8529841303825378,
    "CER": 25.39261245727539,
    "IER": 11.214333534240723,
    "DER": 1.305021047592163,
    "SER": 12.873258590698242
  }
}