{
  "val": {
    "loss": 0.593193769454956,
    "CER": 12.710959434509277,
    "IER": 4.699850559234619,
    "DER": 1.6022217273712158,
    "SER": 6.408886909484863
  },
  "test": {
    "loss": 0.6533592343330383,
    "CER": 18.19717025756836,
    "IER": 8.00084400177002,
    "DER": 1.0766308307647705,
    "SER": 9.119695663452148
  }
}