{
  "val": {
    "loss": 1.0883947610855103,
    "CER": 26.322525024414062,
    "IER": 6.847269535064697,
    "DER": 3.5409555435180664,
    "SER": 15.934300422668457
  },
  "test": {
    "loss": 0.9766082167625427,
    "CER": 25.900041580200195,
    "IER": 6.0991106033325195,
    "DER": 2.5624735355377197,
    "SER": 17.23845863342285
  }
}