{
  "val": {
    "loss": 0.6360209584236145,
    "CER": 15.70229721069336,
    "IER": 4.9249114990234375,
    "DER": 1.9655476808547974,
    "SER": 8.811837196350098
  },
  "test": {
    "loss": 0.5171028971672058,
    "CER": 15.476190567016602,
    "IER": 4.020664691925049,
    "DER": 2.044025182723999,
    "SER": 9.411499977111816
  }
}