{
  "val": {
    "loss": 0.630764365196228,
    "CER": 15.011547088623047,
    "IER": 6.951501369476318,
    "DER": 3.0946881771087646,
    "SER": 4.965357780456543
  },
  "test": {
    "loss": 0.5115838646888733,
    "CER": 14.30624008178711,
    "IER": 6.075533866882324,
    "DER": 2.073070526123047,
    "SER": 6.157635688781738
  }
}