{
  "val": {
    "loss": 0.4852915406227112,
    "CER": 12.720687866210938,
    "IER": 5.7944769859313965,
    "DER": 2.738795757293701,
    "SER": 4.18741512298584
  },
  "test": {
    "loss": 0.38803690671920776,
    "CER": 11.311288833618164,
    "IER": 5.131128787994385,
    "DER": 2.0980615615844727,
    "SER": 4.082098007202148
  }
}