{
  "val": {
    "loss": 0.938250720500946,
    "CER": 26.4823055267334,
    "IER": 6.3510661125183105,
    "DER": 2.132645845413208,
    "SER": 17.998594284057617
  },
  "test": {
    "loss": 0.6047601103782654,
    "CER": 18.774208068847656,
    "IER": 3.2809295654296875,
    "DER": 1.5265436172485352,
    "SER": 13.966734886169434
  }
}