{
  "val": {
    "loss": 0.5669045448303223,
    "CER": 13.128616333007812,
    "IER": 3.3600356578826904,
    "DER": 2.225189208984375,
    "SER": 7.543391227722168
  },
  "test": {
    "loss": 0.32411882281303406,
    "CER": 9.146758079528809,
    "IER": 1.9795222282409668,
    "DER": 0.7053470015525818,
    "SER": 6.461888313293457
  }
}