{
  "val": {
    "loss": 2.1976165771484375,
    "CER": 55.00703430175781,
    "IER": 24.976547241210938,
    "DER": 0.6683865189552307,
    "SER": 29.36210060119629
  },
  "test": {
    "loss": 1.8887267112731934,
    "CER": 49.81308364868164,
    "IER": 14.0420560836792,
    "DER": 0.7126168012619019,
    "SER": 35.05841064453125
  }
}