{
  "val": {
    "loss": 1.9484378099441528,
    "CER": 48.646541595458984,
    "IER": 14.091567039489746,
    "DER": 4.199621200561523,
    "SER": 30.3553524017334
  },
  "test": {
    "loss": 1.9030405282974243,
    "CER": 48.11406326293945,
    "IER": 14.860259056091309,
    "DER": 2.3971824645996094,
    "SER": 30.85662269592285
  }
}