{
  "val": {
    "loss": 1.9831877946853638,
    "CER": 52.77838897705078,
    "IER": 21.864704132080078,
    "DER": 0.9114869236946106,
    "SER": 30.002197265625
  },
  "test": {
    "loss": 1.7860443592071533,
    "CER": 48.125343322753906,
    "IER": 19.714128494262695,
    "DER": 0.5497525930404663,
    "SER": 27.861461639404297
  }
}