{
  "val": {
    "loss": 2.0322206020355225,
    "CER": 48.3322639465332,
    "IER": 15.768654823303223,
    "DER": 1.6677356958389282,
    "SER": 30.8958740234375
  },
  "test": {
    "loss": 2.1769397258758545,
    "CER": 53.44883728027344,
    "IER": 19.534379959106445,
    "DER": 1.1586356163024902,
    "SER": 32.755821228027344
  }
}