{
  "val": {
    "loss": 1.9934113025665283,
    "CER": 98.55595397949219,
    "IER": 98.55595397949219,
    "DER": 0.0,
    "SER": 0.0
  },
  "test": {
    "loss": 1.9500970840454102,
    "CER": 98.44925689697266,
    "IER": 98.44925689697266,
    "DER": 0.0,
    "SER": 0.0
  }
}