{
  "val": {
    "loss": 1.665114164352417,
    "CER": 71.73332977294922,
    "IER": 69.24444580078125,
    "DER": 0.08888889104127884,
    "SER": 2.4000000953674316
  },
  "test": {
    "loss": 1.7091803550720215,
    "CER": 75.61747741699219,
    "IER": 73.67532348632812,
    "DER": 0.0,
    "SER": 1.942157506942749
  }
}