{
  "val": {
    "loss": 1.9647281169891357,
    "CER": 80.97731018066406,
    "IER": 79.66841125488281,
    "DER": 0.0,
    "SER": 1.3089004755020142
  },
  "test": {
    "loss": 1.7965117692947388,
    "CER": 81.9182357788086,
    "IER": 81.46900177001953,
    "DER": 0.0,
    "SER": 0.44923630356788635
  }
}