{
  "val": {
    "loss": 1.6036508083343506,
    "CER": 69.03408813476562,
    "IER": 64.96212005615234,
    "DER": 0.0,
    "SER": 4.071969509124756
  },
  "test": {
    "loss": 1.4933454990386963,
    "CER": 71.22332000732422,
    "IER": 69.25287628173828,
    "DER": 0.0,
    "SER": 1.9704433679580688
  }
}