{
  "val": {
    "loss": 5.54370641708374,
    "CER": 100.0,
    "IER": 100.0,
    "DER": 0.0,
    "SER": 0.0
  },
  "test": {
    "loss": 4.945400714874268,
    "CER": 100.0,
    "IER": 100.0,
    "DER": 0.0,
    "SER": 0.0
  }
}