{
  "val": {
    "loss": 1.0859311819076538,
    "CER": 35.950042724609375,
    "IER": 28.010704040527344,
    "DER": 0.802854597568512,
    "SER": 7.1364850997924805
  },
  "test": {
    "loss": 0.8362224698066711,
    "CER": 30.238908767700195,
    "IER": 23.7542667388916,
    "DER": 0.43230944871902466,
    "SER": 6.052332401275635
  }
}