{
  "val": {
    "loss": 2.401733875274658,
    "CER": 96.31217956542969,
    "IER": 96.2264175415039,
    "DER": 0.0,
    "SER": 0.08576329052448273
  },
  "test": {
    "loss": 2.452411651611328,
    "CER": 97.26810455322266,
    "IER": 97.26810455322266,
    "DER": 0.0,
    "SER": 0.0
  }
}