{
  "val": {
    "loss": 1.1421613693237305,
    "CER": 39.429080963134766,
    "IER": 30.865299224853516,
    "DER": 0.802854597568512,
    "SER": 7.760927677154541
  },
  "test": {
    "loss": 0.8573863506317139,
    "CER": 33.219566345214844,
    "IER": 27.599544525146484,
    "DER": 0.43230944871902466,
    "SER": 5.187713146209717
  }
}