{
  "val": {
    "loss": 5.504986763000488,
    "CER": 100.0,
    "IER": 100.0,
    "DER": 0.0,
    "SER": 0.0
  },
  "test": {
    "loss": 5.48110818862915,
    "CER": 100.0,
    "IER": 100.0,
    "DER": 0.0,
    "SER": 0.0
  }
}