{
  "val": {
    "loss": 1.484921932220459,
    "CER": 62.78409194946289,
    "IER": 57.00757598876953,
    "DER": 0.18939393758773804,
    "SER": 5.58712100982666
  },
  "test": {
    "loss": 1.3739376068115234,
    "CER": 63.73152542114258,
    "IER": 60.18062210083008,
    "DER": 0.0,
    "SER": 3.550903081893921
  }
}