{
  "val": {
    "loss": 2.338345527648926,
    "CER": 91.59519958496094,
    "IER": 91.1663818359375,
    "DER": 0.0,
    "SER": 0.42881646752357483
  },
  "test": {
    "loss": 2.3656208515167236,
    "CER": 92.39729309082031,
    "IER": 92.07962799072266,
    "DER": 0.0,
    "SER": 0.31766200065612793
  }
}