{
  "val": {
    "loss": 1.839328646659851,
    "CER": 95.6678695678711,
    "IER": 95.6678695678711,
    "DER": 0.0,
    "SER": 0.0
  },
  "test": {
    "loss": 1.8038506507873535,
    "CER": 95.02850341796875,
    "IER": 95.02850341796875,
    "DER": 0.0,
    "SER": 0.0
  }
}