{
  "val": {
    "loss": 1.591628909111023,
    "CER": 62.844444274902344,
    "IER": 59.46666717529297,
    "DER": 0.2666666805744171,
    "SER": 3.1111111640930176
  },
  "test": {
    "loss": 1.5954612493515015,
    "CER": 71.39540100097656,
    "IER": 68.58771514892578,
    "DER": 0.0,
    "SER": 2.8076841831207275
  }
}