{
  "val": {
    "loss": 1.4963274002075195,
    "CER": 58.3769645690918,
    "IER": 52.530540466308594,
    "DER": 0.1745200753211975,
    "SER": 5.671902179718018
  },
  "test": {
    "loss": 1.314578890800476,
    "CER": 59.4114990234375,
    "IER": 54.67205810546875,
    "DER": 0.022461814805865288,
    "SER": 4.716980934143066
  }
}