{
  "val": {
    "loss": 2.891925573348999,
    "CER": 98.72013854980469,
    "IER": 98.72013854980469,
    "DER": 0.0,
    "SER": 0.0
  },
  "test": {
    "loss": 2.881167411804199,
    "CER": 99.447021484375,
    "IER": 99.447021484375,
    "DER": 0.0,
    "SER": 0.0
  }
}