{
  "val": {
    "loss": 0.5659111738204956,
    "CER": 9.461193084716797,
    "IER": 2.45884108543396,
    "DER": 1.0049177408218384,
    "SER": 5.997434139251709
  },
  "test": {
    "loss": 0.5642535090446472,
    "CER": 11.629670143127441,
    "IER": 2.707092523574829,
    "DER": 1.3968597650527954,
    "SER": 7.525717258453369
  }
}