{
  "val": {
    "loss": 0.5413563251495361,
    "CER": 8.032217979431152,
    "IER": 1.5102360248565674,
    "DER": 0.9844501614570618,
    "SER": 5.537532329559326
  },
  "test": {
    "loss": 0.3668366074562073,
    "CER": 6.50684928894043,
    "IER": 0.8904109597206116,
    "DER": 0.6506849527359009,
    "SER": 4.965753555297852
  }
}