{
  "val": {
    "loss": 0.9557368755340576,
    "CER": 17.5473575592041,
    "IER": 3.5338428020477295,
    "DER": 1.8167718648910522,
    "SER": 12.19674301147461
  },
  "test": {
    "loss": 0.7888766527175903,
    "CER": 16.737728118896484,
    "IER": 3.2032361030578613,
    "DER": 2.077183723449707,
    "SER": 11.457308769226074
  }
}