{
  "val": {
    "loss": 0.4213947057723999,
    "CER": 9.134454727172852,
    "IER": 2.8294529914855957,
    "DER": 2.2724740505218506,
    "SER": 4.032527446746826
  },
  "test": {
    "loss": 0.3654138445854187,
    "CER": 8.997955322265625,
    "IER": 3.169734239578247,
    "DER": 1.8745739459991455,
    "SER": 3.9536468982696533
  }
}