{
  "val": {
    "loss": 1.0945396423339844,
    "CER": 20.800254821777344,
    "IER": 4.3929290771484375,
    "DER": 3.196782112121582,
    "SER": 13.210542678833008
  },
  "test": {
    "loss": 1.1207163333892822,
    "CER": 23.426124572753906,
    "IER": 4.850107192993164,
    "DER": 2.398286819458008,
    "SER": 16.177730560302734
  }
}