{
  "val": {
    "loss": 0.6123250722885132,
    "CER": 9.124129295349121,
    "IER": 2.7406647205352783,
    "DER": 2.3980815410614014,
    "SER": 3.9853830337524414
  },
  "test": {
    "loss": 0.5311239361763,
    "CER": 9.587454795837402,
    "IER": 2.262681484222412,
    "DER": 2.3258261680603027,
    "SER": 4.998947620391846
  }
}