{
  "val": {
    "loss": 0.54632967710495,
    "CER": 11.20140552520752,
    "IER": 2.44893479347229,
    "DER": 1.6143202781677246,
    "SER": 7.138150691986084
  },
  "test": {
    "loss": 0.44173431396484375,
    "CER": 10.423309326171875,
    "IER": 1.594282627105713,
    "DER": 1.5283122062683105,
    "SER": 7.300714492797852
  }
}