{
  "val": {
    "loss": 0.953595757484436,
    "CER": 19.418386459350586,
    "IER": 3.083958625793457,
    "DER": 1.594746708869934,
    "SER": 14.739681243896484
  },
  "test": {
    "loss": 0.7273796796798706,
    "CER": 16.00467300415039,
    "IER": 1.8107476234436035,
    "DER": 1.0630841255187988,
    "SER": 13.130841255187988
  }
}