{
  "val": {
    "loss": 0.9012818336486816,
    "CER": 18.46857452392578,
    "IER": 3.0487804412841797,
    "DER": 1.536116361618042,
    "SER": 13.88367748260498
  },
  "test": {
    "loss": 0.7257852554321289,
    "CER": 15.747663497924805,
    "IER": 1.904205560684204,
    "DER": 1.2383177280426025,
    "SER": 12.60513973236084
  }
}