{
  "val": {
    "loss": 1.1334706544876099,
    "CER": 21.001375198364258,
    "IER": 5.493807792663574,
    "DER": 2.783952474594116,
    "SER": 12.723615646362305
  },
  "test": {
    "loss": 1.155476450920105,
    "CER": 23.201284408569336,
    "IER": 5.503211975097656,
    "DER": 2.398286819458008,
    "SER": 15.299785614013672
  }
}