{
  "val": {
    "loss": 0.5358937382698059,
    "CER": 10.421699523925781,
    "IER": 2.4818801879882812,
    "DER": 1.4825389385223389,
    "SER": 6.457281112670898
  },
  "test": {
    "loss": 0.47533872723579407,
    "CER": 10.192413330078125,
    "IER": 2.0010995864868164,
    "DER": 1.3084112405776978,
    "SER": 6.8829026222229
  }
}