{
  "val": {
    "loss": 0.5820001363754272,
    "CER": 9.760530471801758,
    "IER": 2.084669589996338,
    "DER": 1.3256361484527588,
    "SER": 6.350224494934082
  },
  "test": {
    "loss": 0.5553923845291138,
    "CER": 12.539253234863281,
    "IER": 2.793719530105591,
    "DER": 1.4834867715835571,
    "SER": 8.262046813964844
  }
}