{
  "val": {
    "loss": 0.4151545464992523,
    "CER": 9.056477546691895,
    "IER": 2.8962905406951904,
    "DER": 2.127659559249878,
    "SER": 4.032527446746826
  },
  "test": {
    "loss": 0.3665471374988556,
    "CER": 8.520791053771973,
    "IER": 3.0334014892578125,
    "DER": 1.7041581869125366,
    "SER": 3.783231019973755
  }
}