{
  "val": {
    "loss": 0.4845230281352997,
    "CER": 7.9315361976623535,
    "IER": 1.4431143999099731,
    "DER": 0.7718984484672546,
    "SER": 5.716523170471191
  },
  "test": {
    "loss": 0.3333878219127655,
    "CER": 6.563927173614502,
    "IER": 0.7534246444702148,
    "DER": 0.5365296602249146,
    "SER": 5.273972511291504
  }
}