{
  "val": {
    "loss": 0.6143257021903992,
    "CER": 8.96425724029541,
    "IER": 2.8662784099578857,
    "DER": 2.318145513534546,
    "SER": 3.7798333168029785
  },
  "test": {
    "loss": 0.5115845203399658,
    "CER": 9.692696571350098,
    "IER": 2.6099767684936523,
    "DER": 2.0732476711273193,
    "SER": 5.009471893310547
  }
}