{
  "val": {
    "loss": 0.943003237247467,
    "CER": 17.137475967407227,
    "IER": 3.8551013469696045,
    "DER": 1.7281489372253418,
    "SER": 11.55422592163086
  },
  "test": {
    "loss": 0.7766714096069336,
    "CER": 16.070842742919922,
    "IER": 3.159505844116211,
    "DER": 1.7601399421691895,
    "SER": 11.15119743347168
  }
}