{
  "val": {
    "loss": 1.4314656257629395,
    "CER": 31.449127197265625,
    "IER": 10.677172660827637,
    "DER": 2.2153706550598145,
    "SER": 18.556583404541016
  },
  "test": {
    "loss": 1.3204221725463867,
    "CER": 32.24584197998047,
    "IER": 11.850136756896973,
    "DER": 1.073458194732666,
    "SER": 19.322248458862305
  }
}