{
  "val": {
    "loss": 2.0040781497955322,
    "CER": 49.84961700439453,
    "IER": 10.705135345458984,
    "DER": 6.0153727531433105,
    "SER": 33.12910842895508
  },
  "test": {
    "loss": 1.9352259635925293,
    "CER": 49.397865295410156,
    "IER": 10.236310005187988,
    "DER": 4.226312160491943,
    "SER": 34.93524169921875
  }
}