{
  "val": {
    "loss": 1.6523098945617676,
    "CER": 41.99623489379883,
    "IER": 16.605737686157227,
    "DER": 0.6757505536079407,
    "SER": 24.714744567871094
  },
  "test": {
    "loss": 1.7639265060424805,
    "CER": 44.82344055175781,
    "IER": 18.26828384399414,
    "DER": 0.6340876817703247,
    "SER": 25.921066284179688
  }
}