{
  "val": {
    "loss": 2.0103952884674072,
    "CER": 52.50384521484375,
    "IER": 20.19547462463379,
    "DER": 1.2409400939941406,
    "SER": 31.067428588867188
  },
  "test": {
    "loss": 1.8142054080963135,
    "CER": 46.55305099487305,
    "IER": 18.460693359375,
    "DER": 0.6377130150794983,
    "SER": 27.45464515686035
  }
}