{
  "val": {
    "loss": 2.0096752643585205,
    "CER": 53.64665985107422,
    "IER": 21.40361976623535,
    "DER": 1.3443421125411987,
    "SER": 30.898698806762695
  },
  "test": {
    "loss": 2.071117877960205,
    "CER": 55.192718505859375,
    "IER": 27.248394012451172,
    "DER": 0.35331904888153076,
    "SER": 27.591007232666016
  }
}