{
  "val": {
    "loss": 1.8152766227722168,
    "CER": 45.01622009277344,
    "IER": 8.815303802490234,
    "DER": 2.3940038681030273,
    "SER": 33.806915283203125
  },
  "test": {
    "loss": 1.6653480529785156,
    "CER": 38.10502243041992,
    "IER": 6.81506872177124,
    "DER": 1.5639269351959229,
    "SER": 29.72602653503418
  }
}