{
  "val": {
    "loss": 2.024925947189331,
    "CER": 52.5562858581543,
    "IER": 20.884145736694336,
    "DER": 0.9146341681480408,
    "SER": 30.757505416870117
  },
  "test": {
    "loss": 1.8352851867675781,
    "CER": 47.4182243347168,
    "IER": 11.553738594055176,
    "DER": 0.8528037667274475,
    "SER": 35.011680603027344
  }
}