{
  "val": {
    "loss": 2.0229926109313965,
    "CER": 47.680137634277344,
    "IER": 13.587769508361816,
    "DER": 1.9563822746276855,
    "SER": 32.135986328125
  },
  "test": {
    "loss": 2.171393394470215,
    "CER": 53.968597412109375,
    "IER": 18.083377838134766,
    "DER": 1.1694639921188354,
    "SER": 34.715755462646484
  }
}