{
  "val": {
    "loss": 1.8864890336990356,
    "CER": 46.12372589111328,
    "IER": 8.848864555358887,
    "DER": 2.1814520359039307,
    "SER": 35.09341049194336
  },
  "test": {
    "loss": 1.7345353364944458,
    "CER": 40.26255798339844,
    "IER": 8.333333015441895,
    "DER": 1.2442922592163086,
    "SER": 30.6849308013916
  }
}