{
  "val": {
    "loss": 1.804936170578003,
    "CER": 44.61061096191406,
    "IER": 17.79107093811035,
    "DER": 0.6757505536079407,
    "SER": 26.14379119873047
  },
  "test": {
    "loss": 1.9432101249694824,
    "CER": 48.146934509277344,
    "IER": 21.26380157470703,
    "DER": 0.3826391100883484,
    "SER": 26.500492095947266
  }
}