{
  "val": {
    "loss": 1.4644235372543335,
    "CER": 32.60248947143555,
    "IER": 11.545049667358398,
    "DER": 2.021240234375,
    "SER": 19.03619956970215
  },
  "test": {
    "loss": 1.3613340854644775,
    "CER": 34.666385650634766,
    "IER": 13.96548080444336,
    "DER": 1.020837664604187,
    "SER": 19.68006706237793
  }
}