{
  "val": {
    "loss": 2.148726463317871,
    "CER": 54.26829147338867,
    "IER": 22.490619659423828,
    "DER": 0.6332082748413086,
    "SER": 31.14446449279785
  },
  "test": {
    "loss": 1.822838306427002,
    "CER": 48.00233459472656,
    "IER": 12.54672908782959,
    "DER": 0.7943925261497498,
    "SER": 34.661216735839844
  }
}