{
  "val": {
    "loss": 1.9468573331832886,
    "CER": 47.61056137084961,
    "IER": 12.353793144226074,
    "DER": 4.032527446746826,
    "SER": 31.224239349365234
  },
  "test": {
    "loss": 1.887162208557129,
    "CER": 46.48943328857422,
    "IER": 13.655987739562988,
    "DER": 2.715291976928711,
    "SER": 30.118154525756836
  }
}