{
  "val": {
    "loss": 2.0097169876098633,
    "CER": 52.734458923339844,
    "IER": 20.272348403930664,
    "DER": 1.1091587543487549,
    "SER": 31.352954864501953
  },
  "test": {
    "loss": 1.8655755519866943,
    "CER": 49.389774322509766,
    "IER": 19.439252853393555,
    "DER": 0.7036833167076111,
    "SER": 29.24683952331543
  }
}