{
  "val": {
    "loss": 2.0918843746185303,
    "CER": 48.300193786621094,
    "IER": 15.44793701171875,
    "DER": 1.5929014682769775,
    "SER": 31.259353637695312
  },
  "test": {
    "loss": 2.167003870010376,
    "CER": 53.02653121948242,
    "IER": 17.834325790405273,
    "DER": 0.9420682191848755,
    "SER": 34.2501335144043
  }
}