{
  "val": {
    "loss": 1.9537042379379272,
    "CER": 52.90568542480469,
    "IER": 21.562400817871094,
    "DER": 1.3231713771820068,
    "SER": 30.020112991333008
  },
  "test": {
    "loss": 2.0665011405944824,
    "CER": 53.650962829589844,
    "IER": 27.152034759521484,
    "DER": 0.278372585773468,
    "SER": 26.220556259155273
  }
}