{
  "val": {
    "loss": 1.9056806564331055,
    "CER": 54.864925384521484,
    "IER": 17.977157592773438,
    "DER": 1.0103228092193604,
    "SER": 35.877445220947266
  },
  "test": {
    "loss": 1.7588136196136475,
    "CER": 51.59978103637695,
    "IER": 15.634963989257812,
    "DER": 0.6597031354904175,
    "SER": 35.305110931396484
  }
}