{
  "val": {
    "loss": 1.8400181531906128,
    "CER": 51.02360534667969,
    "IER": 4.96699857711792,
    "DER": 2.0360219478607178,
    "SER": 44.02058410644531
  },
  "test": {
    "loss": 1.6844441890716553,
    "CER": 49.063926696777344,
    "IER": 3.767123222351074,
    "DER": 1.757990837097168,
    "SER": 43.538814544677734
  }
}