{
  "val": {
    "loss": 1.7787975072860718,
    "CER": 49.44056701660156,
    "IER": 18.63298988342285,
    "DER": 0.6203611493110657,
    "SER": 30.18721580505371
  },
  "test": {
    "loss": 1.951362133026123,
    "CER": 53.05564498901367,
    "IER": 20.028425216674805,
    "DER": 0.3826391100883484,
    "SER": 32.64458465576172
  }
}