{
  "val": {
    "loss": 1.8143991231918335,
    "CER": 52.42285919189453,
    "IER": 12.576584815979004,
    "DER": 4.556087970733643,
    "SER": 35.29018783569336
  },
  "test": {
    "loss": 1.7555307149887085,
    "CER": 51.43149185180664,
    "IER": 12.474437713623047,
    "DER": 2.9652352333068848,
    "SER": 35.9918212890625
  }
}