{
  "val": {
    "loss": 2.1092042922973633,
    "CER": 56.81285095214844,
    "IER": 23.12382698059082,
    "DER": 0.5159474611282349,
    "SER": 33.17307662963867
  },
  "test": {
    "loss": 1.8129563331604004,
    "CER": 50.99299240112305,
    "IER": 10.070093154907227,
    "DER": 0.7126168012619019,
    "SER": 40.21028137207031
  }
}