{
  "val": {
    "loss": 2.138740062713623,
    "CER": 54.992515563964844,
    "IER": 13.16014575958252,
    "DER": 1.571520209312439,
    "SER": 40.2608528137207
  },
  "test": {
    "loss": 2.1870808601379395,
    "CER": 58.451541900634766,
    "IER": 15.354629516601562,
    "DER": 1.1369788646697998,
    "SER": 41.95993423461914
  }
}