{
  "val": {
    "loss": 1.490855097770691,
    "CER": 41.18990707397461,
    "IER": 12.561379432678223,
    "DER": 1.9755624532699585,
    "SER": 26.652963638305664
  },
  "test": {
    "loss": 1.325629711151123,
    "CER": 40.054725646972656,
    "IER": 13.081456184387207,
    "DER": 1.3365607261657715,
    "SER": 25.636707305908203
  }
}