{
  "val": {
    "loss": 1.932694673538208,
    "CER": 54.567588806152344,
    "IER": 17.963375091552734,
    "DER": 1.4078543186187744,
    "SER": 35.19635772705078
  },
  "test": {
    "loss": 2.0164217948913574,
    "CER": 57.269805908203125,
    "IER": 23.875802993774414,
    "DER": 0.49250534176826477,
    "SER": 32.9015007019043
  }
}