{
  "val": {
    "loss": 1.810624599456787,
    "CER": 43.97583770751953,
    "IER": 7.584741115570068,
    "DER": 2.3940038681030273,
    "SER": 33.997093200683594
  },
  "test": {
    "loss": 1.6462205648422241,
    "CER": 38.356163024902344,
    "IER": 7.0547943115234375,
    "DER": 1.2214611768722534,
    "SER": 30.07990837097168
  }
}