{
  "val": {
    "loss": 2.1059603691101074,
    "CER": 54.42073059082031,
    "IER": 23.053470611572266,
    "DER": 0.7856472730636597,
    "SER": 30.581613540649414
  },
  "test": {
    "loss": 1.8677291870117188,
    "CER": 49.030372619628906,
    "IER": 14.287383079528809,
    "DER": 0.5490654110908508,
    "SER": 34.19392395019531
  }
}