{
  "val": {
    "loss": 1.8595227003097534,
    "CER": 49.45091247558594,
    "IER": 17.669668197631836,
    "DER": 1.328794240951538,
    "SER": 30.452449798583984
  },
  "test": {
    "loss": 1.657827615737915,
    "CER": 42.55085372924805,
    "IER": 15.612974166870117,
    "DER": 0.879604160785675,
    "SER": 26.058273315429688
  }
}