{
  "val": {
    "loss": 1.9360671043395996,
    "CER": 51.84714889526367,
    "IER": 19.80522918701172,
    "DER": 1.2702444791793823,
    "SER": 30.77167320251465
  },
  "test": {
    "loss": 2.067777395248413,
    "CER": 54.87152099609375,
    "IER": 26.67023468017578,
    "DER": 0.3747323453426361,
    "SER": 27.826553344726562
  }
}