{
  "val": {
    "loss": 1.7616398334503174,
    "CER": 44.20072937011719,
    "IER": 17.7246036529541,
    "DER": 0.8086850643157959,
    "SER": 25.667442321777344
  },
  "test": {
    "loss": 1.9306787252426147,
    "CER": 48.7591552734375,
    "IER": 20.15961456298828,
    "DER": 0.459166944026947,
    "SER": 28.14037322998047
  }
}