{
  "val": {
    "loss": 2.068615436553955,
    "CER": 50.38486099243164,
    "IER": 14.304040908813477,
    "DER": 2.073979139328003,
    "SER": 34.00684356689453
  },
  "test": {
    "loss": 2.1686346530914307,
    "CER": 54.28261947631836,
    "IER": 17.99675178527832,
    "DER": 1.245262622833252,
    "SER": 35.04060745239258
  }
}