{
  "val": {
    "loss": 1.4411189556121826,
    "CER": 31.666095733642578,
    "IER": 10.2203950881958,
    "DER": 2.066917896270752,
    "SER": 19.378782272338867
  },
  "test": {
    "loss": 1.3295824527740479,
    "CER": 32.45632553100586,
    "IER": 10.808250427246094,
    "DER": 1.3260365724563599,
    "SER": 20.322036743164062
  }
}