{
  "val": {
    "loss": 1.8902637958526611,
    "CER": 48.10070037841797,
    "IER": 10.682856559753418,
    "DER": 5.803720474243164,
    "SER": 31.614124298095703
  },
  "test": {
    "loss": 1.8189444541931152,
    "CER": 46.53487777709961,
    "IER": 10.8270845413208,
    "DER": 3.2719836235046387,
    "SER": 32.43581008911133
  }
}