{
  "val": {
    "loss": 5.72573709487915,
    "CER": 100.0,
    "IER": 100.0,
    "DER": 0.0,
    "SER": 0.0
  },
  "test": {
    "loss": 4.512461185455322,
    "CER": 100.0,
    "IER": 100.0,
    "DER": 0.0,
    "SER": 0.0
  }
}