{
  "val": {
    "loss": 1.5065633058547974,
    "CER": 64.01515197753906,
    "IER": 60.79545593261719,
    "DER": 0.18939393758773804,
    "SER": 3.0303030014038086
  },
  "test": {
    "loss": 1.4249112606048584,
    "CER": 66.11248016357422,
    "IER": 64.22413635253906,
    "DER": 0.0,
    "SER": 1.8883415460586548
  }
}