{
  "val": {
    "loss": 1.6933321952819824,
    "CER": 73.24444580078125,
    "IER": 70.04444122314453,
    "DER": 0.17777778208255768,
    "SER": 3.0222222805023193
  },
  "test": {
    "loss": 1.6916847229003906,
    "CER": 76.06079864501953,
    "IER": 74.58306884765625,
    "DER": 0.0,
    "SER": 1.4777284860610962
  }
}