{
  "val": {
    "loss": 28.296749114990234,
    "CER": 96.48014068603516,
    "IER": 94.31407928466797,
    "DER": 0.45126354694366455,
    "SER": 1.7148014307022095
  },
  "test": {
    "loss": 12.930991172790527,
    "CER": 98.5176773071289,
    "IER": 98.5176773071289,
    "DER": 0.0,
    "SER": 0.0
  }
}