{
  "val": {
    "loss": 1.29794442653656,
    "CER": 42.908119201660156,
    "IER": 34.165924072265625,
    "DER": 0.7136485576629639,
    "SER": 8.028546333312988
  },
  "test": {
    "loss": 1.0060513019561768,
    "CER": 38.612060546875,
    "IER": 32.03640365600586,
    "DER": 0.4778156876564026,
    "SER": 6.097838401794434
  }
}