{
  "val": {
    "loss": 68.48592376708984,
    "CER": 96.84300231933594,
    "IER": 96.07508850097656,
    "DER": 0.0853242352604866,
    "SER": 0.6825938820838928
  },
  "test": {
    "loss": 9.486495018005371,
    "CER": 99.9778823852539,
    "IER": 99.9778823852539,
    "DER": 0.0,
    "SER": 0.0
  }
}