{
  "val": {
    "loss": 5.805021286010742,
    "CER": 100.0,
    "IER": 100.0,
    "DER": 0.0,
    "SER": 0.0
  },
  "test": {
    "loss": 5.717860698699951,
    "CER": 100.0,
    "IER": 100.0,
    "DER": 0.0,
    "SER": 0.0
  }
}