{
  "val": {
    "loss": 1.8669037818908691,
    "CER": 77.92321014404297,
    "IER": 76.35253143310547,
    "DER": 0.0,
    "SER": 1.5706806182861328
  },
  "test": {
    "loss": 1.7177482843399048,
    "CER": 79.69451904296875,
    "IER": 79.13297271728516,
    "DER": 0.0,
    "SER": 0.5615453720092773
  }
}