{
  "val": {
    "loss": 0.49673283100128174,
    "CER": 7.864414215087891,
    "IER": 1.4431143999099731,
    "DER": 0.7830853462219238,
    "SER": 5.638214588165283
  },
  "test": {
    "loss": 0.3344598710536957,
    "CER": 6.164383411407471,
    "IER": 0.7191780805587769,
    "DER": 0.5707762837409973,
    "SER": 4.874429225921631
  }
}