{
  "val": {
    "loss": 0.5842972993850708,
    "CER": 8.98011589050293,
    "IER": 2.116741418838501,
    "DER": 1.1866581439971924,
    "SER": 5.676715850830078
  },
  "test": {
    "loss": 0.5855341553688049,
    "CER": 11.608013153076172,
    "IER": 2.5879805088043213,
    "DER": 1.5809420347213745,
    "SER": 7.439090251922607
  }
}