{
  "val": {
    "loss": 0.41642552614212036,
    "CER": 8.878244400024414,
    "IER": 2.9854071140289307,
    "DER": 2.0719616413116455,
    "SER": 3.820875644683838
  },
  "test": {
    "loss": 0.35662779211997986,
    "CER": 8.657123565673828,
    "IER": 3.3742332458496094,
    "DER": 1.5905475616455078,
    "SER": 3.692342758178711
  }
}