{
  "val": {
    "loss": 0.9466581344604492,
    "CER": 16.8826847076416,
    "IER": 3.3898305892944336,
    "DER": 1.9829400777816772,
    "SER": 11.50991439819336
  },
  "test": {
    "loss": 0.7735376358032227,
    "CER": 15.666338920593262,
    "IER": 2.8533945083618164,
    "DER": 1.705477237701416,
    "SER": 11.107466697692871
  }
}