{
  "val": {
    "loss": 0.9060438871383667,
    "CER": 18.59756088256836,
    "IER": 3.083958625793457,
    "DER": 1.5830206871032715,
    "SER": 13.930582046508789
  },
  "test": {
    "loss": 0.7097604274749756,
    "CER": 15.630841255187988,
    "IER": 2.2313084602355957,
    "DER": 1.0630841255187988,
    "SER": 12.336448669433594
  }
}