{
  "val": {
    "loss": 0.5302690863609314,
    "CER": 10.49857234954834,
    "IER": 2.6685702800750732,
    "DER": 1.3617395162582397,
    "SER": 6.468262672424316
  },
  "test": {
    "loss": 0.4646173119544983,
    "CER": 9.90654182434082,
    "IER": 2.1220450401306152,
    "DER": 1.3084112405776978,
    "SER": 6.476085662841797
  }
}