{
  "val": {
    "loss": 0.6302555203437805,
    "CER": 9.00993537902832,
    "IER": 2.6721479892730713,
    "DER": 2.3067259788513184,
    "SER": 4.031060695648193
  },
  "test": {
    "loss": 0.5159551501274109,
    "CER": 9.134919166564941,
    "IER": 2.4205429553985596,
    "DER": 2.1048200130462646,
    "SER": 4.609555721282959
  }
}