{
  "val": {
    "loss": 1.098533034324646,
    "CER": 19.868741989135742,
    "IER": 4.901026725769043,
    "DER": 2.6886842250823975,
    "SER": 12.279030799865723
  },
  "test": {
    "loss": 1.1567878723144531,
    "CER": 22.65524673461914,
    "IER": 5.438971996307373,
    "DER": 2.2162740230560303,
    "SER": 15.0
  }
}