{
  "val": {
    "loss": 1.8029793500900269,
    "CER": 43.39979934692383,
    "IER": 11.295533180236816,
    "DER": 4.556087970733643,
    "SER": 27.548179626464844
  },
  "test": {
    "loss": 1.7712712287902832,
    "CER": 44.9670524597168,
    "IER": 11.59963607788086,
    "DER": 3.260622501373291,
    "SER": 30.106794357299805
  }
}