{
  "val": {
    "loss": 1.8932600021362305,
    "CER": 45.78812026977539,
    "IER": 8.255956649780273,
    "DER": 2.606555461883545,
    "SER": 34.92560577392578
  },
  "test": {
    "loss": 1.7418689727783203,
    "CER": 40.62785339355469,
    "IER": 7.248858451843262,
    "DER": 1.621004581451416,
    "SER": 31.757991790771484
  }
}