{
  "val": {
    "loss": 1.905938982963562,
    "CER": 50.054908752441406,
    "IER": 18.59213638305664,
    "DER": 1.1970129013061523,
    "SER": 30.265758514404297
  },
  "test": {
    "loss": 1.7224920988082886,
    "CER": 44.56294631958008,
    "IER": 16.998350143432617,
    "DER": 0.7586585879325867,
    "SER": 26.805936813354492
  }
}