{
  "val": {
    "loss": 1.4483017921447754,
    "CER": 32.0086784362793,
    "IER": 11.15678882598877,
    "DER": 2.2382094860076904,
    "SER": 18.613679885864258
  },
  "test": {
    "loss": 1.3519871234893799,
    "CER": 33.877079010009766,
    "IER": 12.53420352935791,
    "DER": 1.073458194732666,
    "SER": 20.26941680908203
  }
}