{
  "val": {
    "loss": 1.786767601966858,
    "CER": 44.49983215332031,
    "IER": 18.045862197875977,
    "DER": 0.9194638133049011,
    "SER": 25.534507751464844
  },
  "test": {
    "loss": 1.8952908515930176,
    "CER": 47.73149490356445,
    "IER": 21.187274932861328,
    "DER": 0.3826391100883484,
    "SER": 26.161582946777344
  }
}