{
  "val": {
    "loss": 1.9083991050720215,
    "CER": 52.52461242675781,
    "IER": 20.577960968017578,
    "DER": 1.2067322731018066,
    "SER": 30.739917755126953
  },
  "test": {
    "loss": 2.0003137588500977,
    "CER": 54.18629455566406,
    "IER": 25.246252059936523,
    "DER": 0.44967880845069885,
    "SER": 28.49036407470703
  }
}