{
  "val": {
    "loss": 2.1070780754089355,
    "CER": 49.7220458984375,
    "IER": 15.159290313720703,
    "DER": 1.7960231304168701,
    "SER": 32.76673126220703
  },
  "test": {
    "loss": 2.1771655082702637,
    "CER": 53.92528533935547,
    "IER": 18.559825897216797,
    "DER": 1.2344342470169067,
    "SER": 34.13102340698242
  }
}