{
  "val": {
    "loss": 2.094290018081665,
    "CER": 53.37710952758789,
    "IER": 23.581144332885742,
    "DER": 0.6332082748413086,
    "SER": 29.162757873535156
  },
  "test": {
    "loss": 1.8434381484985352,
    "CER": 47.6168212890625,
    "IER": 13.773364067077637,
    "DER": 0.8878504633903503,
    "SER": 32.95560836791992
  }
}