{
  "val": {
    "loss": 9.134916305541992,
    "CER": 97.84037780761719,
    "IER": 94.55399322509766,
    "DER": 0.0,
    "SER": 3.2863850593566895
  },
  "test": {
    "loss": 8.524971008300781,
    "CER": 99.74937438964844,
    "IER": 99.74937438964844,
    "DER": 0.0,
    "SER": 0.0
  }
}