{
  "val": {
    "loss": 1.509273886680603,
    "CER": 65.71969604492188,
    "IER": 61.3636360168457,
    "DER": 0.18939393758773804,
    "SER": 4.166666507720947
  },
  "test": {
    "loss": 1.376481533050537,
    "CER": 69.72496032714844,
    "IER": 68.185546875,
    "DER": 0.0,
    "SER": 1.5394089221954346
  }
}