{
  "val": {
    "loss": 1.4765464067459106,
    "CER": 57.766143798828125,
    "IER": 52.356021881103516,
    "DER": 0.08726003766059875,
    "SER": 5.322862148284912
  },
  "test": {
    "loss": 1.3285884857177734,
    "CER": 59.6585807800293,
    "IER": 54.761905670166016,
    "DER": 0.022461814805865288,
    "SER": 4.874213695526123
  }
}