{
  "val": {
    "loss": 47.374717712402344,
    "CER": 97.1843032836914,
    "IER": 95.98976135253906,
    "DER": 0.0853242352604866,
    "SER": 1.1092150211334229
  },
  "test": {
    "loss": 10.194270133972168,
    "CER": 99.95576477050781,
    "IER": 99.95576477050781,
    "DER": 0.0,
    "SER": 0.0
  }
}