{
  "val": {
    "loss": 1.7342108488082886,
    "CER": 96.93141174316406,
    "IER": 96.93141174316406,
    "DER": 0.0,
    "SER": 0.0
  },
  "test": {
    "loss": 1.6752516031265259,
    "CER": 96.80729675292969,
    "IER": 96.80729675292969,
    "DER": 0.0,
    "SER": 0.0
  }
}