{
  "val": {
    "loss": 1.220815896987915,
    "CER": 45.495094299316406,
    "IER": 39.69670104980469,
    "DER": 0.7136485576629639,
    "SER": 5.08474588394165
  },
  "test": {
    "loss": 0.9727115631103516,
    "CER": 41.54721450805664,
    "IER": 36.97383499145508,
    "DER": 0.27303755283355713,
    "SER": 4.3003411293029785
  }
}