{
  "val": {
    "loss": 2.811414957046509,
    "CER": 97.34133911132812,
    "IER": 97.16981506347656,
    "DER": 0.0,
    "SER": 0.17152658104896545
  },
  "test": {
    "loss": 2.8171944618225098,
    "CER": 98.05167388916016,
    "IER": 98.05167388916016,
    "DER": 0.0,
    "SER": 0.0
  }
}