{
  "val": {
    "loss": 1.5949208736419678,
    "CER": 62.66666793823242,
    "IER": 57.599998474121094,
    "DER": 0.2666666805744171,
    "SER": 4.800000190734863
  },
  "test": {
    "loss": 1.552086353302002,
    "CER": 68.33438873291016,
    "IER": 65.27337646484375,
    "DER": 0.0,
    "SER": 3.061009168624878
  }
}