{
  "val": {
    "loss": 1.8441537618637085,
    "CER": 50.016780853271484,
    "IER": 6.15281343460083,
    "DER": 1.5437968969345093,
    "SER": 42.32017135620117
  },
  "test": {
    "loss": 1.7346220016479492,
    "CER": 48.83561706542969,
    "IER": 5.399543285369873,
    "DER": 1.2671233415603638,
    "SER": 42.168949127197266
  }
}