{
  "val": {
    "loss": 1.9484378099441528,
    "CER": 54.260887145996094,
    "IER": 16.06327247619629,
    "DER": 3.664921522140503,
    "SER": 34.53269577026367
  },
  "test": {
    "loss": 1.9030405282974243,
    "CER": 54.27175521850586,
    "IER": 15.29197883605957,
    "DER": 2.567598342895508,
    "SER": 36.41217803955078
  }
}