{
  "val": {
    "loss": 2.0164525508880615,
    "CER": 57.95490646362305,
    "IER": 22.85381507873535,
    "DER": 0.825658917427063,
    "SER": 34.27543258666992
  },
  "test": {
    "loss": 2.0523276329040527,
    "CER": 58.46895217895508,
    "IER": 25.728052139282227,
    "DER": 0.299785852432251,
    "SER": 32.44111251831055
  }
}