{
  "val": {
    "loss": 1.9831877946853638,
    "CER": 56.86360549926758,
    "IER": 21.139907836914062,
    "DER": 0.7138150930404663,
    "SER": 35.009883880615234
  },
  "test": {
    "loss": 1.7860443592071533,
    "CER": 52.655303955078125,
    "IER": 17.92193603515625,
    "DER": 0.6706981658935547,
    "SER": 34.06267166137695
  }
}