{
  "val": {
    "loss": 1.7949224710464478,
    "CER": 49.42948913574219,
    "IER": 19.042871475219727,
    "DER": 0.5982053875923157,
    "SER": 29.78841209411621
  },
  "test": {
    "loss": 1.9167996644973755,
    "CER": 52.104515075683594,
    "IER": 19.3287410736084,
    "DER": 0.27331364154815674,
    "SER": 32.50246047973633
  }
}