{
  "val": {
    "loss": 2.0322206020355225,
    "CER": 54.51144027709961,
    "IER": 13.630532264709473,
    "DER": 1.4432328939437866,
    "SER": 39.43767547607422
  },
  "test": {
    "loss": 2.1769397258758545,
    "CER": 58.58148193359375,
    "IER": 17.173795700073242,
    "DER": 0.8879263401031494,
    "SER": 40.51976013183594
  }
}