{
  "val": {
    "loss": 1.4618347883224487,
    "CER": 40.790225982666016,
    "IER": 12.127440452575684,
    "DER": 2.0098206996917725,
    "SER": 26.652963638305664
  },
  "test": {
    "loss": 1.36393404006958,
    "CER": 40.50726318359375,
    "IER": 11.913281440734863,
    "DER": 1.4312776327133179,
    "SER": 27.162702560424805
  }
}