{
  "val": {
    "loss": 2.1976165771484375,
    "CER": 57.422607421875,
    "IER": 24.378517150878906,
    "DER": 0.46904316544532776,
    "SER": 32.57504653930664
  },
  "test": {
    "loss": 1.8887267112731934,
    "CER": 52.721961975097656,
    "IER": 11.588785171508789,
    "DER": 0.6542056202888489,
    "SER": 40.478973388671875
  }
}