{
  "val": {
    "loss": 1.0837019681930542,
    "CER": 31.71478271484375,
    "IER": 9.165788650512695,
    "DER": 2.419725179672241,
    "SER": 20.129268646240234
  },
  "test": {
    "loss": 2.0628204345703125,
    "CER": 56.0732307434082,
    "IER": 16.081998825073242,
    "DER": 2.236351728439331,
    "SER": 37.754878997802734
  }
}