{
  "val": {
    "loss": 1.810624599456787,
    "CER": 51.504642486572266,
    "IER": 4.396464824676514,
    "DER": 1.9241526126861572,
    "SER": 45.184024810791016
  },
  "test": {
    "loss": 1.6462205648422241,
    "CER": 48.789955139160156,
    "IER": 3.6301369667053223,
    "DER": 1.4497716426849365,
    "SER": 43.710044860839844
  }
}