{
  "val": {
    "loss": 2.068615436553955,
    "CER": 55.25978088378906,
    "IER": 12.401111602783203,
    "DER": 1.8601667881011963,
    "SER": 40.998504638671875
  },
  "test": {
    "loss": 2.1686346530914307,
    "CER": 58.819705963134766,
    "IER": 15.387114524841309,
    "DER": 1.0828369855880737,
    "SER": 42.34975814819336
  }
}