{
  "val": {
    "loss": 1.8595227003097534,
    "CER": 53.70085525512695,
    "IER": 16.71425437927246,
    "DER": 0.9883593320846558,
    "SER": 35.99824142456055
  },
  "test": {
    "loss": 1.657827615737915,
    "CER": 49.807586669921875,
    "IER": 14.744364738464355,
    "DER": 0.890599250793457,
    "SER": 34.17262268066406
  }
}