{
  "val": {
    "loss": 1.9360671043395996,
    "CER": 55.78490447998047,
    "IER": 21.40361976623535,
    "DER": 1.0267809629440308,
    "SER": 33.3545036315918
  },
  "test": {
    "loss": 2.067777395248413,
    "CER": 58.704498291015625,
    "IER": 26.038543701171875,
    "DER": 0.31049251556396484,
    "SER": 32.35546112060547
  }
}