{
  "val": {
    "loss": 1.8902637958526611,
    "CER": 54.17177200317383,
    "IER": 12.37607192993164,
    "DER": 5.135345935821533,
    "SER": 36.66035461425781
  },
  "test": {
    "loss": 1.8189444541931152,
    "CER": 52.87434768676758,
    "IER": 12.224493980407715,
    "DER": 3.226539373397827,
    "SER": 37.42331314086914
  }
}