{
  "val": {
    "loss": 2.1059603691101074,
    "CER": 56.6604118347168,
    "IER": 22.924484252929688,
    "DER": 0.5863039493560791,
    "SER": 33.14962387084961
  },
  "test": {
    "loss": 1.8677291870117188,
    "CER": 51.261680603027344,
    "IER": 11.179906845092773,
    "DER": 0.49065420031547546,
    "SER": 39.591121673583984
  }
}