{
  "val": {
    "loss": 1.4411189556121826,
    "CER": 39.956607818603516,
    "IER": 10.460203170776367,
    "DER": 2.5807924270629883,
    "SER": 26.915611267089844
  },
  "test": {
    "loss": 1.3295824527740479,
    "CER": 40.02315139770508,
    "IER": 10.776679039001465,
    "DER": 1.9574825763702393,
    "SER": 27.288991928100586
  }
}