{
  "val": {
    "loss": 1.7616398334503174,
    "CER": 49.56242370605469,
    "IER": 19.020715713500977,
    "DER": 0.6314390301704407,
    "SER": 29.910268783569336
  },
  "test": {
    "loss": 1.9306787252426147,
    "CER": 52.946319580078125,
    "IER": 20.15961456298828,
    "DER": 0.3607740104198456,
    "SER": 32.425933837890625
  }
}