{
  "val": {
    "loss": 0.42177775502204895,
    "CER": 9.312687873840332,
    "IER": 3.11908221244812,
    "DER": 1.9828450679779053,
    "SER": 4.210761070251465
  },
  "test": {
    "loss": 0.36548691987991333,
    "CER": 8.952510833740234,
    "IER": 3.169734239578247,
    "DER": 1.658713936805725,
    "SER": 4.124062538146973
  }
}