{
  "val": {
    "loss": 0.5443938970565796,
    "CER": 10.49857234954834,
    "IER": 2.8552603721618652,
    "DER": 1.2409400939941406,
    "SER": 6.402371883392334
  },
  "test": {
    "loss": 0.4810122549533844,
    "CER": 10.071467399597168,
    "IER": 2.210005521774292,
    "DER": 1.319406270980835,
    "SER": 6.542056083679199
  }
}