{
  "val": {
    "loss": 1.0929490327835083,
    "CER": 20.81083869934082,
    "IER": 4.922197341918945,
    "DER": 2.8368794918060303,
    "SER": 13.051762580871582
  },
  "test": {
    "loss": 1.1739381551742554,
    "CER": 23.00856590270996,
    "IER": 5.738758087158203,
    "DER": 2.023554563522339,
    "SER": 15.24625301361084
  }
}