{
  "val": {
    "loss": 0.4473053216934204,
    "CER": 7.786105632781982,
    "IER": 1.5102360248565674,
    "DER": 0.6600291132926941,
    "SER": 5.615840911865234
  },
  "test": {
    "loss": 0.30978286266326904,
    "CER": 6.7237443923950195,
    "IER": 0.7648401856422424,
    "DER": 0.6506849527359009,
    "SER": 5.308218955993652
  }
}