{
  "val": {
    "loss": 0.9318318963050842,
    "CER": 17.61382484436035,
    "IER": 3.7554004192352295,
    "DER": 1.9053949117660522,
    "SER": 11.95302963256836
  },
  "test": {
    "loss": 0.7641491293907166,
    "CER": 16.147371292114258,
    "IER": 3.0829780101776123,
    "DER": 1.6945446729660034,
    "SER": 11.369848251342773
  }
}