{
  "val": {
    "loss": 0.612952709197998,
    "CER": 9.078451156616211,
    "IER": 2.500856399536133,
    "DER": 2.3980815410614014,
    "SER": 4.179513454437256
  },
  "test": {
    "loss": 0.5061647295951843,
    "CER": 9.619027137756348,
    "IER": 2.588928699493408,
    "DER": 2.3994948863983154,
    "SER": 4.630604267120361
  }
}