{
  "val": {
    "loss": 0.947174608707428,
    "CER": 19.078330993652344,
    "IER": 3.154315233230591,
    "DER": 1.6064728498458862,
    "SER": 14.31754207611084
  },
  "test": {
    "loss": 0.7251214981079102,
    "CER": 16.144859313964844,
    "IER": 1.904205560684204,
    "DER": 1.1915887594223022,
    "SER": 13.049065589904785
  }
}