{
  "val": {
    "loss": 0.5561351180076599,
    "CER": 9.044259071350098,
    "IER": 2.180885076522827,
    "DER": 1.1759674549102783,
    "SER": 5.687406539916992
  },
  "test": {
    "loss": 0.5729952454566956,
    "CER": 11.369789123535156,
    "IER": 3.0752570629119873,
    "DER": 1.0828369855880737,
    "SER": 7.211694717407227
  }
}