{
  "val": {
    "loss": 1.889492154121399,
    "CER": 52.957557678222656,
    "IER": 15.005012512207031,
    "DER": 4.244179725646973,
    "SER": 33.70836639404297
  },
  "test": {
    "loss": 1.827157974243164,
    "CER": 52.52215576171875,
    "IER": 15.428311347961426,
    "DER": 2.499431848526001,
    "SER": 34.59440994262695
  }
}