{
  "val": {
    "loss": 2.031014919281006,
    "CER": 56.88557052612305,
    "IER": 20.55787467956543,
    "DER": 0.560070276260376,
    "SER": 35.76762390136719
  },
  "test": {
    "loss": 1.7867512702941895,
    "CER": 52.09455871582031,
    "IER": 16.712478637695312,
    "DER": 0.6926882863044739,
    "SER": 34.689388275146484
  }
}