{
  "val": {
    "loss": 1.9664990901947021,
    "CER": 53.259849548339844,
    "IER": 18.550657272338867,
    "DER": 0.5745778679847717,
    "SER": 34.13461685180664
  },
  "test": {
    "loss": 1.8341004848480225,
    "CER": 50.64252471923828,
    "IER": 9.89486026763916,
    "DER": 0.7242990732192993,
    "SER": 40.02336502075195
  }
}