{
  "val": {
    "loss": 1.7335996627807617,
    "CER": 47.76780700683594,
    "IER": 17.4587345123291,
    "DER": 0.7311398983001709,
    "SER": 29.577932357788086
  },
  "test": {
    "loss": 1.875013828277588,
    "CER": 50.967529296875,
    "IER": 18.825843811035156,
    "DER": 0.459166944026947,
    "SER": 31.682518005371094
  }
}