{
  "val": {
    "loss": 2.0550506114959717,
    "CER": 57.18217468261719,
    "IER": 21.14957046508789,
    "DER": 0.7621467113494873,
    "SER": 35.27045440673828
  },
  "test": {
    "loss": 2.1707024574279785,
    "CER": 59.43254852294922,
    "IER": 28.372591018676758,
    "DER": 0.3211991488933563,
    "SER": 30.738758087158203
  }
}