{
  "val": {
    "loss": 1.8853522539138794,
    "CER": 53.216243743896484,
    "IER": 5.682962417602539,
    "DER": 2.3045084476470947,
    "SER": 45.2287712097168
  },
  "test": {
    "loss": 1.706571102142334,
    "CER": 49.977169036865234,
    "IER": 4.497716903686523,
    "DER": 1.621004581451416,
    "SER": 43.85844802856445
  }
}