{
  "val": {
    "loss": 1.3878551721572876,
    "CER": 38.19801330566406,
    "IER": 12.2416353225708,
    "DER": 1.929884672164917,
    "SER": 24.026493072509766
  },
  "test": {
    "loss": 1.3214443922042847,
    "CER": 39.275943756103516,
    "IER": 13.028836250305176,
    "DER": 1.4102294445037842,
    "SER": 24.836875915527344
  }
}