{
  "val": {
    "loss": 2.056358814239502,
    "CER": 54.479366302490234,
    "IER": 12.550780296325684,
    "DER": 1.6891169548034668,
    "SER": 40.239471435546875
  },
  "test": {
    "loss": 2.2280960083007812,
    "CER": 59.306983947753906,
    "IER": 15.798592567443848,
    "DER": 1.0395236015319824,
    "SER": 42.468868255615234
  }
}