{
  "val": {
    "loss": 0.9317792057991028,
    "CER": 18.245264053344727,
    "IER": 3.9548022747039795,
    "DER": 1.7170710563659668,
    "SER": 12.57339096069336
  },
  "test": {
    "loss": 0.749160647392273,
    "CER": 17.14223289489746,
    "IER": 3.410954475402832,
    "DER": 1.8257352113723755,
    "SER": 11.905542373657227
  }
}