{
  "val": {
    "loss": 0.42094141244888306,
    "CER": 9.7025728225708,
    "IER": 3.430990219116211,
    "DER": 1.9271471500396729,
    "SER": 4.344435691833496
  },
  "test": {
    "loss": 0.36420395970344543,
    "CER": 9.179732322692871,
    "IER": 3.31742787361145,
    "DER": 1.8632129430770874,
    "SER": 3.999091148376465
  }
}