{
  "val": {
    "loss": 1.1208717823028564,
    "CER": 21.562400817871094,
    "IER": 4.837514400482178,
    "DER": 2.9956600666046143,
    "SER": 13.729226112365723
  },
  "test": {
    "loss": 1.1487534046173096,
    "CER": 23.479658126831055,
    "IER": 5.224839210510254,
    "DER": 2.312633752822876,
    "SER": 15.942184448242188
  }
}