{
  "val": {
    "loss": 0.4682938754558563,
    "CER": 8.233583450317383,
    "IER": 1.8122832775115967,
    "DER": 0.7830853462219238,
    "SER": 5.638214588165283
  },
  "test": {
    "loss": 0.33130931854248047,
    "CER": 6.6552510261535645,
    "IER": 0.9931507110595703,
    "DER": 0.5479452013969421,
    "SER": 5.114155292510986
  }
}