{
  "val": {
    "loss": 0.5376679301261902,
    "CER": 9.781911849975586,
    "IER": 2.555056571960449,
    "DER": 1.0049177408218384,
    "SER": 6.22193717956543
  },
  "test": {
    "loss": 0.5418319702148438,
    "CER": 12.279372215270996,
    "IER": 3.3026528358459473,
    "DER": 1.1586356163024902,
    "SER": 7.8180832862854
  }
}