{
  "val": {
    "loss": 0.5337714552879333,
    "CER": 10.992752075195312,
    "IER": 2.679551839828491,
    "DER": 1.306830644607544,
    "SER": 7.006369590759277
  },
  "test": {
    "loss": 0.44396835565567017,
    "CER": 10.17042350769043,
    "IER": 2.177020311355591,
    "DER": 1.220450758934021,
    "SER": 6.772952079772949
  }
}