{
  "val": {
    "loss": 0.5708436369895935,
    "CER": 9.443873405456543,
    "IER": 2.9233756065368652,
    "DER": 2.2838871479034424,
    "SER": 4.2366108894348145
  },
  "test": {
    "loss": 0.46765291690826416,
    "CER": 9.766365051269531,
    "IER": 2.2837297916412354,
    "DER": 2.2732057571411133,
    "SER": 5.209429740905762
  }
}