{
  "val": {
    "loss": 0.9461754560470581,
    "CER": 20.07504653930664,
    "IER": 3.4357411861419678,
    "DER": 1.442307710647583,
    "SER": 15.196998596191406
  },
  "test": {
    "loss": 0.6866364479064941,
    "CER": 15.922897338867188,
    "IER": 1.9392523765563965,
    "DER": 0.9929906725883484,
    "SER": 12.990653991699219
  }
}