{
  "val": {
    "loss": 96.84996032714844,
    "CER": 96.99530792236328,
    "IER": 96.15023803710938,
    "DER": 0.09389671683311462,
    "SER": 0.751173734664917
  },
  "test": {
    "loss": 8.970041275024414,
    "CER": 99.97721862792969,
    "IER": 99.97721862792969,
    "DER": 0.0,
    "SER": 0.0
  }
}