{
  "val": {
    "loss": 43.601661682128906,
    "CER": 97.92418670654297,
    "IER": 95.12635040283203,
    "DER": 1.263537883758545,
    "SER": 1.5342960357666016
  },
  "test": {
    "loss": 8.624213218688965,
    "CER": 99.08779907226562,
    "IER": 99.08779907226562,
    "DER": 0.0,
    "SER": 0.0
  }
}