{
  "val": {
    "loss": 1.396472692489624,
    "CER": 52.36396026611328,
    "IER": 46.030330657958984,
    "DER": 0.35682427883148193,
    "SER": 5.976806640625
  },
  "test": {
    "loss": 1.1115559339523315,
    "CER": 47.645050048828125,
    "IER": 43.1854362487793,
    "DER": 0.1820250302553177,
    "SER": 4.277588367462158
  }
}