{
  "val": {
    "loss": 48.7172966003418,
    "CER": 96.58702850341797,
    "IER": 96.07508850097656,
    "DER": 0.0853242352604866,
    "SER": 0.4266211688518524
  },
  "test": {
    "loss": 8.448671340942383,
    "CER": 99.9778823852539,
    "IER": 99.9778823852539,
    "DER": 0.0,
    "SER": 0.0
  }
}