{
  "val": {
    "loss": 1.8623555898666382,
    "CER": 76.17778015136719,
    "IER": 73.95555877685547,
    "DER": 0.0,
    "SER": 2.222222328186035
  },
  "test": {
    "loss": 1.82844078540802,
    "CER": 80.70508575439453,
    "IER": 79.7340087890625,
    "DER": 0.0,
    "SER": 0.9710787534713745
  }
}