{
  "val": {
    "loss": 1.9377461671829224,
    "CER": 78.5340347290039,
    "IER": 76.17800903320312,
    "DER": 0.0,
    "SER": 2.356020927429199
  },
  "test": {
    "loss": 1.7557344436645508,
    "CER": 79.64959716796875,
    "IER": 78.90835571289062,
    "DER": 0.0,
    "SER": 0.7412399053573608
  }
}