{
  "val": {
    "loss": 1.7159206867218018,
    "CER": 70.54924011230469,
    "IER": 66.57196807861328,
    "DER": 0.28409090638160706,
    "SER": 3.6931817531585693
  },
  "test": {
    "loss": 1.5861433744430542,
    "CER": 73.17323303222656,
    "IER": 71.42857360839844,
    "DER": 0.0,
    "SER": 1.7446633577346802
  }
}