{
  "val": {
    "loss": 0.4863184988498688,
    "CER": 7.675169944763184,
    "IER": 3.230477809906006,
    "DER": 2.1387991905212402,
    "SER": 2.3058929443359375
  },
  "test": {
    "loss": 0.42217737436294556,
    "CER": 5.101113319396973,
    "IER": 2.2949330806732178,
    "DER": 0.7043853402137756,
    "SER": 2.101794958114624
  }
}