{
  "val": {
    "loss": 0.9150220155715942,
    "CER": 15.630863189697266,
    "IER": 4.291744709014893,
    "DER": 2.1810505390167236,
    "SER": 9.15806770324707
  },
  "test": {
    "loss": 0.688236653804779,
    "CER": 10.525700569152832,
    "IER": 2.558411121368408,
    "DER": 0.9579439163208008,
    "SER": 7.009346008300781
  }
}