{
  "val": {
    "loss": 1.0817104578018188,
    "CER": 18.14556312561035,
    "IER": 7.034451961517334,
    "DER": 2.1934196949005127,
    "SER": 8.917691230773926
  },
  "test": {
    "loss": 0.84816575050354,
    "CER": 14.496556282043457,
    "IER": 6.176888465881348,
    "DER": 1.3228380680084229,
    "SER": 6.996829509735107
  }
}