{
  "val": {
    "loss": 0.6420209407806396,
    "CER": 9.64199447631836,
    "IER": 3.1517679691314697,
    "DER": 1.9437733888626099,
    "SER": 4.54645299911499
  },
  "test": {
    "loss": 0.5088416337966919,
    "CER": 6.399120330810547,
    "IER": 1.9021440744400024,
    "DER": 0.978559672832489,
    "SER": 3.5184166431427
  }
}