{
  "val": {
    "loss": 0.5218048095703125,
    "CER": 9.262781143188477,
    "IER": 3.6581273078918457,
    "DER": 2.282134532928467,
    "SER": 3.322519302368164
  },
  "test": {
    "loss": 0.3143049478530884,
    "CER": 3.8242008686065674,
    "IER": 1.6095890998840332,
    "DER": 0.1940639317035675,
    "SER": 2.020547866821289
  }
}