{
  "val": {
    "loss": 0.6023908853530884,
    "CER": 8.434894561767578,
    "IER": 2.9719905853271484,
    "DER": 2.127432107925415,
    "SER": 3.3354713916778564
  },
  "test": {
    "loss": 0.5411083698272705,
    "CER": 7.125067710876465,
    "IER": 3.237682819366455,
    "DER": 0.6388738751411438,
    "SER": 3.2485110759735107
  }
}