{
  "val": {
    "loss": 0.6242997050285339,
    "CER": 9.695100784301758,
    "IER": 4.339385509490967,
    "DER": 3.037569999694824,
    "SER": 2.318145513534546
  },
  "test": {
    "loss": 0.47882014513015747,
    "CER": 7.156388282775879,
    "IER": 3.2414228916168213,
    "DER": 1.020837664604187,
    "SER": 2.894127607345581
  }
}