{
  "val": {
    "loss": 1.0546119213104248,
    "CER": 17.878690719604492,
    "IER": 5.737271308898926,
    "DER": 2.879220962524414,
    "SER": 9.262199401855469
  },
  "test": {
    "loss": 1.087256908416748,
    "CER": 18.372591018676758,
    "IER": 6.134903430938721,
    "DER": 1.4668093919754028,
    "SER": 10.770877838134766
  }
}