{
  "val": {
    "loss": 1.9630722999572754,
    "CER": 56.33534622192383,
    "IER": 20.948450088500977,
    "DER": 1.0267809629440308,
    "SER": 34.36011505126953
  },
  "test": {
    "loss": 2.013638496398926,
    "CER": 58.511775970458984,
    "IER": 25.26766586303711,
    "DER": 0.36402568221092224,
    "SER": 32.88008499145508
  }
}