{
  "val": {
    "loss": 1.7467790842056274,
    "CER": 48.51002502441406,
    "IER": 18.3006534576416,
    "DER": 0.6646726727485657,
    "SER": 29.54469871520996
  },
  "test": {
    "loss": 1.870225191116333,
    "CER": 51.601619720458984,
    "IER": 18.89143943786621,
    "DER": 0.4373018443584442,
    "SER": 32.27287673950195
  }
}