{
  "val": {
    "loss": 2.106797456741333,
    "CER": 55.313236236572266,
    "IER": 12.390420913696289,
    "DER": 1.603592038154602,
    "SER": 41.31922149658203
  },
  "test": {
    "loss": 2.230051040649414,
    "CER": 59.97834396362305,
    "IER": 16.556577682495117,
    "DER": 0.736329197883606,
    "SER": 42.6854362487793
  }
}