{
  "val": {
    "loss": 1.43524968624115,
    "CER": 39.419891357421875,
    "IER": 11.556468963623047,
    "DER": 2.135434627532959,
    "SER": 25.727989196777344
  },
  "test": {
    "loss": 1.3379285335540771,
    "CER": 40.138919830322266,
    "IER": 11.53441333770752,
    "DER": 1.6943801641464233,
    "SER": 26.910123825073242
  }
}