{
  "val": {
    "loss": 1.9652208089828491,
    "CER": 56.39139175415039,
    "IER": 18.460355758666992,
    "DER": 1.0213046073913574,
    "SER": 36.90972900390625
  },
  "test": {
    "loss": 1.775668740272522,
    "CER": 51.89664840698242,
    "IER": 16.129741668701172,
    "DER": 0.890599250793457,
    "SER": 34.876304626464844
  }
}