{
  "val": {
    "loss": 1.890341877937317,
    "CER": 53.3363037109375,
    "IER": 12.554305076599121,
    "DER": 4.767739772796631,
    "SER": 36.014259338378906
  },
  "test": {
    "loss": 1.8245694637298584,
    "CER": 53.01068115234375,
    "IER": 12.66757583618164,
    "DER": 3.1242899894714355,
    "SER": 37.218814849853516
  }
}