{
  "val": {
    "loss": 1.9522302150726318,
    "CER": 54.547489166259766,
    "IER": 5.425662994384766,
    "DER": 2.0024611949920654,
    "SER": 47.11936569213867
  },
  "test": {
    "loss": 1.7892279624938965,
    "CER": 51.11872100830078,
    "IER": 3.847032070159912,
    "DER": 1.4041095972061157,
    "SER": 45.86758041381836
  }
}