{
  "val": {
    "loss": 2.133098840713501,
    "CER": 56.601783752441406,
    "IER": 24.40196990966797,
    "DER": 0.43386492133140564,
    "SER": 31.765947341918945
  },
  "test": {
    "loss": 1.8255505561828613,
    "CER": 50.80607604980469,
    "IER": 11.121495246887207,
    "DER": 0.6191588640213013,
    "SER": 39.06542205810547
  }
}