{
   "test": {
      "paper_greedy": 15.38,
      "ours_greedy": 15.358730554580688
   },
   "val": {
      "paper_greedy": 15.65,
      "ours_greedy": 15.471891283988953
   }
}